{
  "run": [
    {
      "filePath": "/webapp/test/flpSandboxMockServer.html",
      "previewMode": 1,
      "dataMode": 1,
      "workspace": "withoutWorkspace",
      "ui5ActiveVersion": null,
      "ui5VerSource": null,
      "isDefaultVersion": 0,
      "urlParameters": [],
      "hashParameter": "",
      "backendSystem": [],
      "_metadata": {
        "runnerId": "webapprunner",
        "id": 9185558,
        "displayName": "Run flpSandboxMockServer.html",
        "lastRunTimeStamp": 1672736030926
      }
    }
  ]
}