[{
	"__metadata": {
		"id": "https://ldai2uia.wdf.sap.corp:44300/sap/opu/odata/sap/SEPMRA_ALP_SO_ANA_SRV/Sepm_I_SalesOrdOverallStatusT(SalesOrderOverallStatus='N',Language='EN')",
		"uri": "https://ldai2uia.wdf.sap.corp:44300/sap/opu/odata/sap/SEPMRA_ALP_SO_ANA_SRV/Sepm_I_SalesOrdOverallStatusT(SalesOrderOverallStatus='N',Language='EN')",
		"type": "SEPMRA_ALP_SO_ANA_SRV.Sepm_I_SalesOrdOverallStatusTType"
	},
	"SalesOrderOverallStatus": "N",
	"Language": "EN",
	"SalesOrdOverallStatusName": "New"
}, {
	"__metadata": {
		"id": "https://ldai2uia.wdf.sap.corp:44300/sap/opu/odata/sap/SEPMRA_ALP_SO_ANA_SRV/Sepm_I_SalesOrdOverallStatusT(SalesOrderOverallStatus='N',Language='DE')",
		"uri": "https://ldai2uia.wdf.sap.corp:44300/sap/opu/odata/sap/SEPMRA_ALP_SO_ANA_SRV/Sepm_I_SalesOrdOverallStatusT(SalesOrderOverallStatus='N',Language='DE')",
		"type": "SEPMRA_ALP_SO_ANA_SRV.Sepm_I_SalesOrdOverallStatusTType"
	},
	"SalesOrderOverallStatus": "N",
	"Language": "DE",
	"SalesOrdOverallStatusName": "Neu"
}, {
	"__metadata": {
		"id": "https://ldai2uia.wdf.sap.corp:44300/sap/opu/odata/sap/SEPMRA_ALP_SO_ANA_SRV/Sepm_I_SalesOrdOverallStatusT(SalesOrderOverallStatus='X',Language='EN')",
		"uri": "https://ldai2uia.wdf.sap.corp:44300/sap/opu/odata/sap/SEPMRA_ALP_SO_ANA_SRV/Sepm_I_SalesOrdOverallStatusT(SalesOrderOverallStatus='X',Language='EN')",
		"type": "SEPMRA_ALP_SO_ANA_SRV.Sepm_I_SalesOrdOverallStatusTType"
	},
	"SalesOrderOverallStatus": "X",
	"Language": "EN",
	"SalesOrdOverallStatusName": "Canceled"
}, {
	"__metadata": {
		"id": "https://ldai2uia.wdf.sap.corp:44300/sap/opu/odata/sap/SEPMRA_ALP_SO_ANA_SRV/Sepm_I_SalesOrdOverallStatusT(SalesOrderOverallStatus='D',Language='EN')",
		"uri": "https://ldai2uia.wdf.sap.corp:44300/sap/opu/odata/sap/SEPMRA_ALP_SO_ANA_SRV/Sepm_I_SalesOrdOverallStatusT(SalesOrderOverallStatus='D',Language='EN')",
		"type": "SEPMRA_ALP_SO_ANA_SRV.Sepm_I_SalesOrdOverallStatusTType"
	},
	"SalesOrderOverallStatus": "D",
	"Language": "EN",
	"SalesOrdOverallStatusName": "Delivered"
}, {
	"__metadata": {
		"id": "https://ldai2uia.wdf.sap.corp:44300/sap/opu/odata/sap/SEPMRA_ALP_SO_ANA_SRV/Sepm_I_SalesOrdOverallStatusT(SalesOrderOverallStatus='I',Language='EN')",
		"uri": "https://ldai2uia.wdf.sap.corp:44300/sap/opu/odata/sap/SEPMRA_ALP_SO_ANA_SRV/Sepm_I_SalesOrdOverallStatusT(SalesOrderOverallStatus='I',Language='EN')",
		"type": "SEPMRA_ALP_SO_ANA_SRV.Sepm_I_SalesOrdOverallStatusTType"
	},
	"SalesOrderOverallStatus": "I",
	"Language": "EN",
	"SalesOrdOverallStatusName": "In Progress"
}, {
	"__metadata": {
		"id": "https://ldai2uia.wdf.sap.corp:44300/sap/opu/odata/sap/SEPMRA_ALP_SO_ANA_SRV/Sepm_I_SalesOrdOverallStatusT(SalesOrderOverallStatus='P',Language='EN')",
		"uri": "https://ldai2uia.wdf.sap.corp:44300/sap/opu/odata/sap/SEPMRA_ALP_SO_ANA_SRV/Sepm_I_SalesOrdOverallStatusT(SalesOrderOverallStatus='P',Language='EN')",
		"type": "SEPMRA_ALP_SO_ANA_SRV.Sepm_I_SalesOrdOverallStatusTType"
	},
	"SalesOrderOverallStatus": "P",
	"Language": "EN",
	"SalesOrdOverallStatusName": "Paid"
}, {
	"__metadata": {
		"id": "https://ldai2uia.wdf.sap.corp:44300/sap/opu/odata/sap/SEPMRA_ALP_SO_ANA_SRV/Sepm_I_SalesOrdOverallStatusT(SalesOrderOverallStatus='X',Language='DE')",
		"uri": "https://ldai2uia.wdf.sap.corp:44300/sap/opu/odata/sap/SEPMRA_ALP_SO_ANA_SRV/Sepm_I_SalesOrdOverallStatusT(SalesOrderOverallStatus='X',Language='DE')",
		"type": "SEPMRA_ALP_SO_ANA_SRV.Sepm_I_SalesOrdOverallStatusTType"
	},
	"SalesOrderOverallStatus": "X",
	"Language": "DE",
	"SalesOrdOverallStatusName": "Abgebrochen"
}, {
	"__metadata": {
		"id": "https://ldai2uia.wdf.sap.corp:44300/sap/opu/odata/sap/SEPMRA_ALP_SO_ANA_SRV/Sepm_I_SalesOrdOverallStatusT(SalesOrderOverallStatus='D',Language='DE')",
		"uri": "https://ldai2uia.wdf.sap.corp:44300/sap/opu/odata/sap/SEPMRA_ALP_SO_ANA_SRV/Sepm_I_SalesOrdOverallStatusT(SalesOrderOverallStatus='D',Language='DE')",
		"type": "SEPMRA_ALP_SO_ANA_SRV.Sepm_I_SalesOrdOverallStatusTType"
	},
	"SalesOrderOverallStatus": "D",
	"Language": "DE",
	"SalesOrdOverallStatusName": "Zugestellt"
}, {
	"__metadata": {
		"id": "https://ldai2uia.wdf.sap.corp:44300/sap/opu/odata/sap/SEPMRA_ALP_SO_ANA_SRV/Sepm_I_SalesOrdOverallStatusT(SalesOrderOverallStatus='I',Language='DE')",
		"uri": "https://ldai2uia.wdf.sap.corp:44300/sap/opu/odata/sap/SEPMRA_ALP_SO_ANA_SRV/Sepm_I_SalesOrdOverallStatusT(SalesOrderOverallStatus='I',Language='DE')",
		"type": "SEPMRA_ALP_SO_ANA_SRV.Sepm_I_SalesOrdOverallStatusTType"
	},
	"SalesOrderOverallStatus": "I",
	"Language": "DE",
	"SalesOrdOverallStatusName": "In Bearbeitung"
}, {
	"__metadata": {
		"id": "https://ldai2uia.wdf.sap.corp:44300/sap/opu/odata/sap/SEPMRA_ALP_SO_ANA_SRV/Sepm_I_SalesOrdOverallStatusT(SalesOrderOverallStatus='P',Language='DE')",
		"uri": "https://ldai2uia.wdf.sap.corp:44300/sap/opu/odata/sap/SEPMRA_ALP_SO_ANA_SRV/Sepm_I_SalesOrdOverallStatusT(SalesOrderOverallStatus='P',Language='DE')",
		"type": "SEPMRA_ALP_SO_ANA_SRV.Sepm_I_SalesOrdOverallStatusTType"
	},
	"SalesOrderOverallStatus": "P",
	"Language": "DE",
	"SalesOrdOverallStatusName": "Bezahlt"
}]