[{
	"__metadata": {
		"id": "https://ldai2uia.wdf.sap.corp:44300/sap/opu/odata/sap/TECHED_ALP_SOA_SRV/SEPMRA_SO_ALP_SLDORDERITEM('.1~0500000000.2~0000000040')",
		"uri": "https://ldai2uia.wdf.sap.corp:44300/sap/opu/odata/sap/TECHED_ALP_SOA_SRV/SEPMRA_SO_ALP_SLDORDERITEM('.1~0500000000.2~0000000040')",
		"type": "TECHED_ALP_SOA_SRV.SEPMRA_SO_ALP_SLDORDERITEMType"
	},
	"ID": ".1~0500000000.2~0000000040",
	"SalesOrder": "500000000",
	"SalesOrderItem": "40",
	"Product": "HT-1003",
	"Quantity": "5",
	"QuantityUnit": "EA",
	"QuantityUnit_T": "each",
	"NetAmountInTransactionCurrency": "3300.00",
	"TransactionCurrency": "EUR",
	"TransactionCurrency_T": "Euro",
	"DeliveryDate": "Jul 29, 2020"
}, {
	"__metadata": {
		"id": "https://ldai2uia.wdf.sap.corp:44300/sap/opu/odata/sap/TECHED_ALP_SOA_SRV/SEPMRA_SO_ALP_SLDORDERITEM('.1~0500000000.2~0000000030')",
		"uri": "https://ldai2uia.wdf.sap.corp:44300/sap/opu/odata/sap/TECHED_ALP_SOA_SRV/SEPMRA_SO_ALP_SLDORDERITEM('.1~0500000000.2~0000000030')",
		"type": "TECHED_ALP_SOA_SRV.SEPMRA_SO_ALP_SLDORDERITEMType"
	},
	"ID": ".1~0500000000.2~0000000030",
	"SalesOrder": "500000000",
	"SalesOrderItem": "30",
	"Product": "HT-1002",
	"Quantity": "4",
	"QuantityUnit": "EA",
	"QuantityUnit_T": "each",
	"NetAmountInTransactionCurrency": "2723.00",
	"TransactionCurrency": "USD",
	"TransactionCurrency_T": "US Dollar",
	"DeliveryDate": "Jul 30, 2020"
}, {
	"__metadata": {
		"id": "https://ldai2uia.wdf.sap.corp:44300/sap/opu/odata/sap/TECHED_ALP_SOA_SRV/SEPMRA_SO_ALP_SLDORDERITEM('.1~0500000000.2~0000000020')",
		"uri": "https://ldai2uia.wdf.sap.corp:44300/sap/opu/odata/sap/TECHED_ALP_SOA_SRV/SEPMRA_SO_ALP_SLDORDERITEM('.1~0500000000.2~0000000020')",
		"type": "TECHED_ALP_SOA_SRV.SEPMRA_SO_ALP_SLDORDERITEMType"
	},
	"ID": ".1~0500000000.2~0000000020",
	"SalesOrder": "500000000",
	"SalesOrderItem": "20",
	"Product": "HT-1001",
	"Quantity": "5",
	"QuantityUnit": "EA",
	"QuantityUnit_T": "each",
	"NetAmountInTransactionCurrency": "2498.00",
	"TransactionCurrency": "EUR",
	"TransactionCurrency_T": "Euro",
	"DeliveryDate": "Jul 28, 2020"
}]