[{
	"__metadata": {
		"id": "https://ldai2uia.wdf.sap.corp:44300/sap/opu/odata/sap/SEPMRA_ALP_SO_ANA_SRV/SEPMRA_C_ALP_TotalSalesKPI('.1~06')",
		"uri": "https://ldai2uia.wdf.sap.corp:44300/sap/opu/odata/sap/SEPMRA_ALP_SO_ANA_SRV/SEPMRA_C_ALP_TotalSalesKPI('.1~06')",
		"type": "SEPMRA_ALP_SO_ANA_SRV.SEPMRA_C_ALP_TotalSalesKPIType"
	},
	"ID": ".1~06",
	"CalendarMonth": "06",
	"CalendarMonthT": "June",
	"KPIValue": "171418.50",
	"ReferenceValue": "0.00",
	"KPITargetValue": "0.00",
	"KPIDeviationRangeLowValue": "0.00",
	"KPIToleranceRangeLowValue": "0.00",
	"Currency": "EUR",
	"CurrencyT": "Euro"
}, {
	"__metadata": {
		"id": "https://ldai2uia.wdf.sap.corp:44300/sap/opu/odata/sap/SEPMRA_ALP_SO_ANA_SRV/SEPMRA_C_ALP_TotalSalesKPI('.1~07')",
		"uri": "https://ldai2uia.wdf.sap.corp:44300/sap/opu/odata/sap/SEPMRA_ALP_SO_ANA_SRV/SEPMRA_C_ALP_TotalSalesKPI('.1~07')",
		"type": "SEPMRA_ALP_SO_ANA_SRV.SEPMRA_C_ALP_TotalSalesKPIType"
	},
	"ID": ".1~07",
	"CalendarMonth": "07",
	"CalendarMonthT": "July",
	"KPIValue": "22134.28",
	"ReferenceValue": "0.00",
	"KPITargetValue": "0.00",
	"KPIDeviationRangeLowValue": "0.00",
	"KPIToleranceRangeLowValue": "0.00",
	"Currency": "EUR",
	"CurrencyT": "Euro"
}]