[{
	"__metadata": {
		"id": "https://ldai2uia.wdf.sap.corp:44300/sap/opu/odata/sap/SEPMRA_ALP_SO_ANA_SRV/SEPMRA_I_ProductCategory('Notebooks')",
		"uri": "https://ldai2uia.wdf.sap.corp:44300/sap/opu/odata/sap/SEPMRA_ALP_SO_ANA_SRV/SEPMRA_I_ProductCategory('Notebooks')",
		"type": "SEPMRA_ALP_SO_ANA_SRV.SEPMRA_I_ProductCategoryType"
	},
	"ProductCategory": "Notebooks",
	"MainProductCategory": "Computer Systems"
}, {
	"__metadata": {
		"id": "https://ldai2uia.wdf.sap.corp:44300/sap/opu/odata/sap/SEPMRA_ALP_SO_ANA_SRV/SEPMRA_I_ProductCategory('PDAs%20%26%20Organizers')",
		"uri": "https://ldai2uia.wdf.sap.corp:44300/sap/opu/odata/sap/SEPMRA_ALP_SO_ANA_SRV/SEPMRA_I_ProductCategory('PDAs%20%26%20Organizers')",
		"type": "SEPMRA_ALP_SO_ANA_SRV.SEPMRA_I_ProductCategoryType"
	},
	"ProductCategory": "PDAs & Organizers",
	"MainProductCategory": "Computer Components"
}, {
	"__metadata": {
		"id": "https://ldai2uia.wdf.sap.corp:44300/sap/opu/odata/sap/SEPMRA_ALP_SO_ANA_SRV/SEPMRA_I_ProductCategory('Flat%20Screen%20Monitors')",
		"uri": "https://ldai2uia.wdf.sap.corp:44300/sap/opu/odata/sap/SEPMRA_ALP_SO_ANA_SRV/SEPMRA_I_ProductCategory('Flat%20Screen%20Monitors')",
		"type": "SEPMRA_ALP_SO_ANA_SRV.SEPMRA_I_ProductCategoryType"
	},
	"ProductCategory": "Flat Screen Monitors",
	"MainProductCategory": "Computer Components"
}, {
	"__metadata": {
		"id": "https://ldai2uia.wdf.sap.corp:44300/sap/opu/odata/sap/SEPMRA_ALP_SO_ANA_SRV/SEPMRA_I_ProductCategory('Laser%20Printers')",
		"uri": "https://ldai2uia.wdf.sap.corp:44300/sap/opu/odata/sap/SEPMRA_ALP_SO_ANA_SRV/SEPMRA_I_ProductCategory('Laser%20Printers')",
		"type": "SEPMRA_ALP_SO_ANA_SRV.SEPMRA_I_ProductCategoryType"
	},
	"ProductCategory": "Laser Printers",
	"MainProductCategory": "Printers & Scanners"
}, {
	"__metadata": {
		"id": "https://ldai2uia.wdf.sap.corp:44300/sap/opu/odata/sap/SEPMRA_ALP_SO_ANA_SRV/SEPMRA_I_ProductCategory('Ink%20Jet%20Printers')",
		"uri": "https://ldai2uia.wdf.sap.corp:44300/sap/opu/odata/sap/SEPMRA_ALP_SO_ANA_SRV/SEPMRA_I_ProductCategory('Ink%20Jet%20Printers')",
		"type": "SEPMRA_ALP_SO_ANA_SRV.SEPMRA_I_ProductCategoryType"
	},
	"ProductCategory": "Ink Jet Printers",
	"MainProductCategory": "Printers & Scanners"
}, {
	"__metadata": {
		"id": "https://ldai2uia.wdf.sap.corp:44300/sap/opu/odata/sap/SEPMRA_ALP_SO_ANA_SRV/SEPMRA_I_ProductCategory('Multifunction%20Printers')",
		"uri": "https://ldai2uia.wdf.sap.corp:44300/sap/opu/odata/sap/SEPMRA_ALP_SO_ANA_SRV/SEPMRA_I_ProductCategory('Multifunction%20Printers')",
		"type": "SEPMRA_ALP_SO_ANA_SRV.SEPMRA_I_ProductCategoryType"
	},
	"ProductCategory": "Multifunction Printers",
	"MainProductCategory": "Printers & Scanners"
}, {
	"__metadata": {
		"id": "https://ldai2uia.wdf.sap.corp:44300/sap/opu/odata/sap/SEPMRA_ALP_SO_ANA_SRV/SEPMRA_I_ProductCategory('Mice')",
		"uri": "https://ldai2uia.wdf.sap.corp:44300/sap/opu/odata/sap/SEPMRA_ALP_SO_ANA_SRV/SEPMRA_I_ProductCategory('Mice')",
		"type": "SEPMRA_ALP_SO_ANA_SRV.SEPMRA_I_ProductCategoryType"
	},
	"ProductCategory": "Mice",
	"MainProductCategory": "Computer Components"
}, {
	"__metadata": {
		"id": "https://ldai2uia.wdf.sap.corp:44300/sap/opu/odata/sap/SEPMRA_ALP_SO_ANA_SRV/SEPMRA_I_ProductCategory('Keyboards')",
		"uri": "https://ldai2uia.wdf.sap.corp:44300/sap/opu/odata/sap/SEPMRA_ALP_SO_ANA_SRV/SEPMRA_I_ProductCategory('Keyboards')",
		"type": "SEPMRA_ALP_SO_ANA_SRV.SEPMRA_I_ProductCategoryType"
	},
	"ProductCategory": "Keyboards",
	"MainProductCategory": "Computer Components"
}, {
	"__metadata": {
		"id": "https://ldai2uia.wdf.sap.corp:44300/sap/opu/odata/sap/SEPMRA_ALP_SO_ANA_SRV/SEPMRA_I_ProductCategory('Mousepads')",
		"uri": "https://ldai2uia.wdf.sap.corp:44300/sap/opu/odata/sap/SEPMRA_ALP_SO_ANA_SRV/SEPMRA_I_ProductCategory('Mousepads')",
		"type": "SEPMRA_ALP_SO_ANA_SRV.SEPMRA_I_ProductCategoryType"
	},
	"ProductCategory": "Mousepads",
	"MainProductCategory": "Computer Components"
}, {
	"__metadata": {
		"id": "https://ldai2uia.wdf.sap.corp:44300/sap/opu/odata/sap/SEPMRA_ALP_SO_ANA_SRV/SEPMRA_I_ProductCategory('Computer%20System%20Accessories')",
		"uri": "https://ldai2uia.wdf.sap.corp:44300/sap/opu/odata/sap/SEPMRA_ALP_SO_ANA_SRV/SEPMRA_I_ProductCategory('Computer%20System%20Accessories')",
		"type": "SEPMRA_ALP_SO_ANA_SRV.SEPMRA_I_ProductCategoryType"
	},
	"ProductCategory": "Computer System Accessories",
	"MainProductCategory": "Computer Systems"
}, {
	"__metadata": {
		"id": "https://ldai2uia.wdf.sap.corp:44300/sap/opu/odata/sap/SEPMRA_ALP_SO_ANA_SRV/SEPMRA_I_ProductCategory('Graphic%20Cards')",
		"uri": "https://ldai2uia.wdf.sap.corp:44300/sap/opu/odata/sap/SEPMRA_ALP_SO_ANA_SRV/SEPMRA_I_ProductCategory('Graphic%20Cards')",
		"type": "SEPMRA_ALP_SO_ANA_SRV.SEPMRA_I_ProductCategoryType"
	},
	"ProductCategory": "Graphic Cards",
	"MainProductCategory": "Computer Components"
}, {
	"__metadata": {
		"id": "https://ldai2uia.wdf.sap.corp:44300/sap/opu/odata/sap/SEPMRA_ALP_SO_ANA_SRV/SEPMRA_I_ProductCategory('Scanners')",
		"uri": "https://ldai2uia.wdf.sap.corp:44300/sap/opu/odata/sap/SEPMRA_ALP_SO_ANA_SRV/SEPMRA_I_ProductCategory('Scanners')",
		"type": "SEPMRA_ALP_SO_ANA_SRV.SEPMRA_I_ProductCategoryType"
	},
	"ProductCategory": "Scanners",
	"MainProductCategory": "Printers & Scanners"
}, {
	"__metadata": {
		"id": "https://ldai2uia.wdf.sap.corp:44300/sap/opu/odata/sap/SEPMRA_ALP_SO_ANA_SRV/SEPMRA_I_ProductCategory('Speakers')",
		"uri": "https://ldai2uia.wdf.sap.corp:44300/sap/opu/odata/sap/SEPMRA_ALP_SO_ANA_SRV/SEPMRA_I_ProductCategory('Speakers')",
		"type": "SEPMRA_ALP_SO_ANA_SRV.SEPMRA_I_ProductCategoryType"
	},
	"ProductCategory": "Speakers",
	"MainProductCategory": "Computer Components"
}, {
	"__metadata": {
		"id": "https://ldai2uia.wdf.sap.corp:44300/sap/opu/odata/sap/SEPMRA_ALP_SO_ANA_SRV/SEPMRA_I_ProductCategory('Software')",
		"uri": "https://ldai2uia.wdf.sap.corp:44300/sap/opu/odata/sap/SEPMRA_ALP_SO_ANA_SRV/SEPMRA_I_ProductCategory('Software')",
		"type": "SEPMRA_ALP_SO_ANA_SRV.SEPMRA_I_ProductCategoryType"
	},
	"ProductCategory": "Software",
	"MainProductCategory": "Software"
}, {
	"__metadata": {
		"id": "https://ldai2uia.wdf.sap.corp:44300/sap/opu/odata/sap/SEPMRA_ALP_SO_ANA_SRV/SEPMRA_I_ProductCategory('Telecommunications')",
		"uri": "https://ldai2uia.wdf.sap.corp:44300/sap/opu/odata/sap/SEPMRA_ALP_SO_ANA_SRV/SEPMRA_I_ProductCategory('Telecommunications')",
		"type": "SEPMRA_ALP_SO_ANA_SRV.SEPMRA_I_ProductCategoryType"
	},
	"ProductCategory": "Telecommunications",
	"MainProductCategory": "Computer Components"
}, {
	"__metadata": {
		"id": "https://ldai2uia.wdf.sap.corp:44300/sap/opu/odata/sap/SEPMRA_ALP_SO_ANA_SRV/SEPMRA_I_ProductCategory('PCs')",
		"uri": "https://ldai2uia.wdf.sap.corp:44300/sap/opu/odata/sap/SEPMRA_ALP_SO_ANA_SRV/SEPMRA_I_ProductCategory('PCs')",
		"type": "SEPMRA_ALP_SO_ANA_SRV.SEPMRA_I_ProductCategoryType"
	},
	"ProductCategory": "PCs",
	"MainProductCategory": "Computer Systems"
}, {
	"__metadata": {
		"id": "https://ldai2uia.wdf.sap.corp:44300/sap/opu/odata/sap/SEPMRA_ALP_SO_ANA_SRV/SEPMRA_I_ProductCategory('Servers')",
		"uri": "https://ldai2uia.wdf.sap.corp:44300/sap/opu/odata/sap/SEPMRA_ALP_SO_ANA_SRV/SEPMRA_I_ProductCategory('Servers')",
		"type": "SEPMRA_ALP_SO_ANA_SRV.SEPMRA_I_ProductCategoryType"
	},
	"ProductCategory": "Servers",
	"MainProductCategory": "Computer Systems"
}, {
	"__metadata": {
		"id": "https://ldai2uia.wdf.sap.corp:44300/sap/opu/odata/sap/SEPMRA_ALP_SO_ANA_SRV/SEPMRA_I_ProductCategory('Flat%20Screen%20TVs')",
		"uri": "https://ldai2uia.wdf.sap.corp:44300/sap/opu/odata/sap/SEPMRA_ALP_SO_ANA_SRV/SEPMRA_I_ProductCategory('Flat%20Screen%20TVs')",
		"type": "SEPMRA_ALP_SO_ANA_SRV.SEPMRA_I_ProductCategoryType"
	},
	"ProductCategory": "Flat Screen TVs",
	"MainProductCategory": "TV, Video & HiFi"
}, {
	"__metadata": {
		"id": "https://ldai2uia.wdf.sap.corp:44300/sap/opu/odata/sap/SEPMRA_ALP_SO_ANA_SRV/SEPMRA_I_ProductCategory('Headsets')",
		"uri": "https://ldai2uia.wdf.sap.corp:44300/sap/opu/odata/sap/SEPMRA_ALP_SO_ANA_SRV/SEPMRA_I_ProductCategory('Headsets')",
		"type": "SEPMRA_ALP_SO_ANA_SRV.SEPMRA_I_ProductCategoryType"
	},
	"ProductCategory": "Headsets",
	"MainProductCategory": "Computer Components"
}, {
	"__metadata": {
		"id": "https://ldai2uia.wdf.sap.corp:44300/sap/opu/odata/sap/SEPMRA_ALP_SO_ANA_SRV/SEPMRA_I_ProductCategory('MP3%20Players')",
		"uri": "https://ldai2uia.wdf.sap.corp:44300/sap/opu/odata/sap/SEPMRA_ALP_SO_ANA_SRV/SEPMRA_I_ProductCategory('MP3%20Players')",
		"type": "SEPMRA_ALP_SO_ANA_SRV.SEPMRA_I_ProductCategoryType"
	},
	"ProductCategory": "MP3 Players",
	"MainProductCategory": "TV, Video & HiFi"
}, {
	"__metadata": {
		"id": "https://ldai2uia.wdf.sap.corp:44300/sap/opu/odata/sap/SEPMRA_ALP_SO_ANA_SRV/SEPMRA_I_ProductCategory('Portable%20Players')",
		"uri": "https://ldai2uia.wdf.sap.corp:44300/sap/opu/odata/sap/SEPMRA_ALP_SO_ANA_SRV/SEPMRA_I_ProductCategory('Portable%20Players')",
		"type": "SEPMRA_ALP_SO_ANA_SRV.SEPMRA_I_ProductCategoryType"
	},
	"ProductCategory": "Portable Players",
	"MainProductCategory": "TV, Video & HiFi"
}, {
	"__metadata": {
		"id": "https://ldai2uia.wdf.sap.corp:44300/sap/opu/odata/sap/SEPMRA_ALP_SO_ANA_SRV/SEPMRA_I_ProductCategory('Projectors')",
		"uri": "https://ldai2uia.wdf.sap.corp:44300/sap/opu/odata/sap/SEPMRA_ALP_SO_ANA_SRV/SEPMRA_I_ProductCategory('Projectors')",
		"type": "SEPMRA_ALP_SO_ANA_SRV.SEPMRA_I_ProductCategoryType"
	},
	"ProductCategory": "Projectors",
	"MainProductCategory": "TV, Video & HiFi"
}, {
	"__metadata": {
		"id": "https://ldai2uia.wdf.sap.corp:44300/sap/opu/odata/sap/SEPMRA_ALP_SO_ANA_SRV/SEPMRA_I_ProductCategory('Tablets')",
		"uri": "https://ldai2uia.wdf.sap.corp:44300/sap/opu/odata/sap/SEPMRA_ALP_SO_ANA_SRV/SEPMRA_I_ProductCategory('Tablets')",
		"type": "SEPMRA_ALP_SO_ANA_SRV.SEPMRA_I_ProductCategoryType"
	},
	"ProductCategory": "Tablets",
	"MainProductCategory": "Smartphones & Tablets"
}, {
	"__metadata": {
		"id": "https://ldai2uia.wdf.sap.corp:44300/sap/opu/odata/sap/SEPMRA_ALP_SO_ANA_SRV/SEPMRA_I_ProductCategory('Smartphones')",
		"uri": "https://ldai2uia.wdf.sap.corp:44300/sap/opu/odata/sap/SEPMRA_ALP_SO_ANA_SRV/SEPMRA_I_ProductCategory('Smartphones')",
		"type": "SEPMRA_ALP_SO_ANA_SRV.SEPMRA_I_ProductCategoryType"
	},
	"ProductCategory": "Smartphones",
	"MainProductCategory": "Smartphones & Tablets"
}, {
	"__metadata": {
		"id": "https://ldai2uia.wdf.sap.corp:44300/sap/opu/odata/sap/SEPMRA_ALP_SO_ANA_SRV/SEPMRA_I_ProductCategory('Accessories')",
		"uri": "https://ldai2uia.wdf.sap.corp:44300/sap/opu/odata/sap/SEPMRA_ALP_SO_ANA_SRV/SEPMRA_I_ProductCategory('Accessories')",
		"type": "SEPMRA_ALP_SO_ANA_SRV.SEPMRA_I_ProductCategoryType"
	},
	"ProductCategory": "Accessories",
	"MainProductCategory": "Smartphones & Tablets"
}, {
	"__metadata": {
		"id": "https://ldai2uia.wdf.sap.corp:44300/sap/opu/odata/sap/SEPMRA_ALP_SO_ANA_SRV/SEPMRA_I_ProductCategory('Camcorders')",
		"uri": "https://ldai2uia.wdf.sap.corp:44300/sap/opu/odata/sap/SEPMRA_ALP_SO_ANA_SRV/SEPMRA_I_ProductCategory('Camcorders')",
		"type": "SEPMRA_ALP_SO_ANA_SRV.SEPMRA_I_ProductCategoryType"
	},
	"ProductCategory": "Camcorders",
	"MainProductCategory": "TV, Video & HiFi"
}]