[{
	"__metadata": {
		"id": "https://ldai2uia.wdf.sap.corp:44300/sap/opu/odata/sap/SEPMRA_ALP_SO_ANA_SRV/SEPMRA_C_ALP_ProductMainCatVH('Computer%20Systems')",
		"uri": "https://ldai2uia.wdf.sap.corp:44300/sap/opu/odata/sap/SEPMRA_ALP_SO_ANA_SRV/SEPMRA_C_ALP_ProductMainCatVH('Computer%20Systems')",
		"type": "SEPMRA_ALP_SO_ANA_SRV.SEPMRA_C_ALP_ProductMainCatVHType"
	},
	"MainProductCategory": "Computer Systems"
}, {
	"__metadata": {
		"id": "https://ldai2uia.wdf.sap.corp:44300/sap/opu/odata/sap/SEPMRA_ALP_SO_ANA_SRV/SEPMRA_C_ALP_ProductMainCatVH('Computer%20Components')",
		"uri": "https://ldai2uia.wdf.sap.corp:44300/sap/opu/odata/sap/SEPMRA_ALP_SO_ANA_SRV/SEPMRA_C_ALP_ProductMainCatVH('Computer%20Components')",
		"type": "SEPMRA_ALP_SO_ANA_SRV.SEPMRA_C_ALP_ProductMainCatVHType"
	},
	"MainProductCategory": "Computer Components"
}, {
	"__metadata": {
		"id": "https://ldai2uia.wdf.sap.corp:44300/sap/opu/odata/sap/SEPMRA_ALP_SO_ANA_SRV/SEPMRA_C_ALP_ProductMainCatVH('Printers%20%26%20Scanners')",
		"uri": "https://ldai2uia.wdf.sap.corp:44300/sap/opu/odata/sap/SEPMRA_ALP_SO_ANA_SRV/SEPMRA_C_ALP_ProductMainCatVH('Printers%20%26%20Scanners')",
		"type": "SEPMRA_ALP_SO_ANA_SRV.SEPMRA_C_ALP_ProductMainCatVHType"
	},
	"MainProductCategory": "Printers & Scanners"
}, {
	"__metadata": {
		"id": "https://ldai2uia.wdf.sap.corp:44300/sap/opu/odata/sap/SEPMRA_ALP_SO_ANA_SRV/SEPMRA_C_ALP_ProductMainCatVH('Software')",
		"uri": "https://ldai2uia.wdf.sap.corp:44300/sap/opu/odata/sap/SEPMRA_ALP_SO_ANA_SRV/SEPMRA_C_ALP_ProductMainCatVH('Software')",
		"type": "SEPMRA_ALP_SO_ANA_SRV.SEPMRA_C_ALP_ProductMainCatVHType"
	},
	"MainProductCategory": "Software"
}, {
	"__metadata": {
		"id": "https://ldai2uia.wdf.sap.corp:44300/sap/opu/odata/sap/SEPMRA_ALP_SO_ANA_SRV/SEPMRA_C_ALP_ProductMainCatVH('TV%2C%20Video%20%26%20HiFi')",
		"uri": "https://ldai2uia.wdf.sap.corp:44300/sap/opu/odata/sap/SEPMRA_ALP_SO_ANA_SRV/SEPMRA_C_ALP_ProductMainCatVH('TV%2C%20Video%20%26%20HiFi')",
		"type": "SEPMRA_ALP_SO_ANA_SRV.SEPMRA_C_ALP_ProductMainCatVHType"
	},
	"MainProductCategory": "TV, Video & HiFi"
}, {
	"__metadata": {
		"id": "https://ldai2uia.wdf.sap.corp:44300/sap/opu/odata/sap/SEPMRA_ALP_SO_ANA_SRV/SEPMRA_C_ALP_ProductMainCatVH('Smartphones%20%26%20Tablets')",
		"uri": "https://ldai2uia.wdf.sap.corp:44300/sap/opu/odata/sap/SEPMRA_ALP_SO_ANA_SRV/SEPMRA_C_ALP_ProductMainCatVH('Smartphones%20%26%20Tablets')",
		"type": "SEPMRA_ALP_SO_ANA_SRV.SEPMRA_C_ALP_ProductMainCatVHType"
	},
	"MainProductCategory": "Smartphones & Tablets"
}]