[{
	"__metadata": {
		"id": "https://ldai3uia.wdf.sap.corp:44300/sap/opu/odata/sap/SEPMRA_ALP_SO_ANA_SRV/SEPMRA_C_ALP_CountryVH('DE')",
		"uri": "https://ldai3uia.wdf.sap.corp:44300/sap/opu/odata/sap/SEPMRA_ALP_SO_ANA_SRV/SEPMRA_C_ALP_CountryVH('DE')",
		"type": "SEPMRA_ALP_SO_ANA_SRV.SEPMRA_C_ALP_CountryVHType"
	},
	"Country": "DE",
	"CountryT": "Germany"
}, {
	"__metadata": {
		"id": "https://ldai3uia.wdf.sap.corp:44300/sap/opu/odata/sap/SEPMRA_ALP_SO_ANA_SRV/SEPMRA_C_ALP_CountryVH('EC')",
		"uri": "https://ldai3uia.wdf.sap.corp:44300/sap/opu/odata/sap/SEPMRA_ALP_SO_ANA_SRV/SEPMRA_C_ALP_CountryVH('EC')",
		"type": "SEPMRA_ALP_SO_ANA_SRV.SEPMRA_C_ALP_CountryVHType"
	},
	"Country": "EC",
	"CountryT": "Ecuador"
}, {
	"__metadata": {
		"id": "https://ldai3uia.wdf.sap.corp:44300/sap/opu/odata/sap/SEPMRA_ALP_SO_ANA_SRV/SEPMRA_C_ALP_CountryVH('AT')",
		"uri": "https://ldai3uia.wdf.sap.corp:44300/sap/opu/odata/sap/SEPMRA_ALP_SO_ANA_SRV/SEPMRA_C_ALP_CountryVH('AT')",
		"type": "SEPMRA_ALP_SO_ANA_SRV.SEPMRA_C_ALP_CountryVHType"
	},
	"Country": "AT",
	"CountryT": "Austria"
}, {
	"__metadata": {
		"id": "https://ldai3uia.wdf.sap.corp:44300/sap/opu/odata/sap/SEPMRA_ALP_SO_ANA_SRV/SEPMRA_C_ALP_CountryVH('AE')",
		"uri": "https://ldai3uia.wdf.sap.corp:44300/sap/opu/odata/sap/SEPMRA_ALP_SO_ANA_SRV/SEPMRA_C_ALP_CountryVH('AE')",
		"type": "SEPMRA_ALP_SO_ANA_SRV.SEPMRA_C_ALP_CountryVHType"
	},
	"Country": "AE",
	"CountryT": "United Arab Emirates"
}, {
	"__metadata": {
		"id": "https://ldai3uia.wdf.sap.corp:44300/sap/opu/odata/sap/SEPMRA_ALP_SO_ANA_SRV/SEPMRA_C_ALP_CountryVH('AF')",
		"uri": "https://ldai3uia.wdf.sap.corp:44300/sap/opu/odata/sap/SEPMRA_ALP_SO_ANA_SRV/SEPMRA_C_ALP_CountryVH('AF')",
		"type": "SEPMRA_ALP_SO_ANA_SRV.SEPMRA_C_ALP_CountryVHType"
	},
	"Country": "AF",
	"CountryT": "Afghanistan"
}, {
	"__metadata": {
		"id": "https://ldai3uia.wdf.sap.corp:44300/sap/opu/odata/sap/SEPMRA_ALP_SO_ANA_SRV/SEPMRA_C_ALP_CountryVH('AG')",
		"uri": "https://ldai3uia.wdf.sap.corp:44300/sap/opu/odata/sap/SEPMRA_ALP_SO_ANA_SRV/SEPMRA_C_ALP_CountryVH('AG')",
		"type": "SEPMRA_ALP_SO_ANA_SRV.SEPMRA_C_ALP_CountryVHType"
	},
	"Country": "AG",
	"CountryT": "Antigua and Barbuda"
}, {
	"__metadata": {
		"id": "https://ldai3uia.wdf.sap.corp:44300/sap/opu/odata/sap/SEPMRA_ALP_SO_ANA_SRV/SEPMRA_C_ALP_CountryVH('AI')",
		"uri": "https://ldai3uia.wdf.sap.corp:44300/sap/opu/odata/sap/SEPMRA_ALP_SO_ANA_SRV/SEPMRA_C_ALP_CountryVH('AI')",
		"type": "SEPMRA_ALP_SO_ANA_SRV.SEPMRA_C_ALP_CountryVHType"
	},
	"Country": "AI",
	"CountryT": "Anguilla"
}, {
	"__metadata": {
		"id": "https://ldai3uia.wdf.sap.corp:44300/sap/opu/odata/sap/SEPMRA_ALP_SO_ANA_SRV/SEPMRA_C_ALP_CountryVH('AL')",
		"uri": "https://ldai3uia.wdf.sap.corp:44300/sap/opu/odata/sap/SEPMRA_ALP_SO_ANA_SRV/SEPMRA_C_ALP_CountryVH('AL')",
		"type": "SEPMRA_ALP_SO_ANA_SRV.SEPMRA_C_ALP_CountryVHType"
	},
	"Country": "AL",
	"CountryT": "Albania"
}, {
	"__metadata": {
		"id": "https://ldai3uia.wdf.sap.corp:44300/sap/opu/odata/sap/SEPMRA_ALP_SO_ANA_SRV/SEPMRA_C_ALP_CountryVH('AM')",
		"uri": "https://ldai3uia.wdf.sap.corp:44300/sap/opu/odata/sap/SEPMRA_ALP_SO_ANA_SRV/SEPMRA_C_ALP_CountryVH('AM')",
		"type": "SEPMRA_ALP_SO_ANA_SRV.SEPMRA_C_ALP_CountryVHType"
	},
	"Country": "AM",
	"CountryT": "Armenia"
}, {
	"__metadata": {
		"id": "https://ldai3uia.wdf.sap.corp:44300/sap/opu/odata/sap/SEPMRA_ALP_SO_ANA_SRV/SEPMRA_C_ALP_CountryVH('AO')",
		"uri": "https://ldai3uia.wdf.sap.corp:44300/sap/opu/odata/sap/SEPMRA_ALP_SO_ANA_SRV/SEPMRA_C_ALP_CountryVH('AO')",
		"type": "SEPMRA_ALP_SO_ANA_SRV.SEPMRA_C_ALP_CountryVHType"
	},
	"Country": "AO",
	"CountryT": "Angola"
}, {
	"__metadata": {
		"id": "https://ldai3uia.wdf.sap.corp:44300/sap/opu/odata/sap/SEPMRA_ALP_SO_ANA_SRV/SEPMRA_C_ALP_CountryVH('AQ')",
		"uri": "https://ldai3uia.wdf.sap.corp:44300/sap/opu/odata/sap/SEPMRA_ALP_SO_ANA_SRV/SEPMRA_C_ALP_CountryVH('AQ')",
		"type": "SEPMRA_ALP_SO_ANA_SRV.SEPMRA_C_ALP_CountryVHType"
	},
	"Country": "AQ",
	"CountryT": "Antarctica"
}, {
	"__metadata": {
		"id": "https://ldai3uia.wdf.sap.corp:44300/sap/opu/odata/sap/SEPMRA_ALP_SO_ANA_SRV/SEPMRA_C_ALP_CountryVH('AR')",
		"uri": "https://ldai3uia.wdf.sap.corp:44300/sap/opu/odata/sap/SEPMRA_ALP_SO_ANA_SRV/SEPMRA_C_ALP_CountryVH('AR')",
		"type": "SEPMRA_ALP_SO_ANA_SRV.SEPMRA_C_ALP_CountryVHType"
	},
	"Country": "AR",
	"CountryT": "Argentina"
}, {
	"__metadata": {
		"id": "https://ldai3uia.wdf.sap.corp:44300/sap/opu/odata/sap/SEPMRA_ALP_SO_ANA_SRV/SEPMRA_C_ALP_CountryVH('AS')",
		"uri": "https://ldai3uia.wdf.sap.corp:44300/sap/opu/odata/sap/SEPMRA_ALP_SO_ANA_SRV/SEPMRA_C_ALP_CountryVH('AS')",
		"type": "SEPMRA_ALP_SO_ANA_SRV.SEPMRA_C_ALP_CountryVHType"
	},
	"Country": "AS",
	"CountryT": "American Samoa"
}, {
	"__metadata": {
		"id": "https://ldai3uia.wdf.sap.corp:44300/sap/opu/odata/sap/SEPMRA_ALP_SO_ANA_SRV/SEPMRA_C_ALP_CountryVH('AU')",
		"uri": "https://ldai3uia.wdf.sap.corp:44300/sap/opu/odata/sap/SEPMRA_ALP_SO_ANA_SRV/SEPMRA_C_ALP_CountryVH('AU')",
		"type": "SEPMRA_ALP_SO_ANA_SRV.SEPMRA_C_ALP_CountryVHType"
	},
	"Country": "AU",
	"CountryT": "Australia"
}, {
	"__metadata": {
		"id": "https://ldai3uia.wdf.sap.corp:44300/sap/opu/odata/sap/SEPMRA_ALP_SO_ANA_SRV/SEPMRA_C_ALP_CountryVH('AW')",
		"uri": "https://ldai3uia.wdf.sap.corp:44300/sap/opu/odata/sap/SEPMRA_ALP_SO_ANA_SRV/SEPMRA_C_ALP_CountryVH('AW')",
		"type": "SEPMRA_ALP_SO_ANA_SRV.SEPMRA_C_ALP_CountryVHType"
	},
	"Country": "AW",
	"CountryT": "Aruba"
}, {
	"__metadata": {
		"id": "https://ldai3uia.wdf.sap.corp:44300/sap/opu/odata/sap/SEPMRA_ALP_SO_ANA_SRV/SEPMRA_C_ALP_CountryVH('AZ')",
		"uri": "https://ldai3uia.wdf.sap.corp:44300/sap/opu/odata/sap/SEPMRA_ALP_SO_ANA_SRV/SEPMRA_C_ALP_CountryVH('AZ')",
		"type": "SEPMRA_ALP_SO_ANA_SRV.SEPMRA_C_ALP_CountryVHType"
	},
	"Country": "AZ",
	"CountryT": "Azerbaijan"
}, {
	"__metadata": {
		"id": "https://ldai3uia.wdf.sap.corp:44300/sap/opu/odata/sap/SEPMRA_ALP_SO_ANA_SRV/SEPMRA_C_ALP_CountryVH('KR')",
		"uri": "https://ldai3uia.wdf.sap.corp:44300/sap/opu/odata/sap/SEPMRA_ALP_SO_ANA_SRV/SEPMRA_C_ALP_CountryVH('KR')",
		"type": "SEPMRA_ALP_SO_ANA_SRV.SEPMRA_C_ALP_CountryVHType"
	},
	"Country": "KR",
	"CountryT": "South Korea"
}, {
	"__metadata": {
		"id": "https://ldai3uia.wdf.sap.corp:44300/sap/opu/odata/sap/SEPMRA_ALP_SO_ANA_SRV/SEPMRA_C_ALP_CountryVH('BB')",
		"uri": "https://ldai3uia.wdf.sap.corp:44300/sap/opu/odata/sap/SEPMRA_ALP_SO_ANA_SRV/SEPMRA_C_ALP_CountryVH('BB')",
		"type": "SEPMRA_ALP_SO_ANA_SRV.SEPMRA_C_ALP_CountryVHType"
	},
	"Country": "BB",
	"CountryT": "Barbados"
}, {
	"__metadata": {
		"id": "https://ldai3uia.wdf.sap.corp:44300/sap/opu/odata/sap/SEPMRA_ALP_SO_ANA_SRV/SEPMRA_C_ALP_CountryVH('BD')",
		"uri": "https://ldai3uia.wdf.sap.corp:44300/sap/opu/odata/sap/SEPMRA_ALP_SO_ANA_SRV/SEPMRA_C_ALP_CountryVH('BD')",
		"type": "SEPMRA_ALP_SO_ANA_SRV.SEPMRA_C_ALP_CountryVHType"
	},
	"Country": "BD",
	"CountryT": "Bangladesh"
}, {
	"__metadata": {
		"id": "https://ldai3uia.wdf.sap.corp:44300/sap/opu/odata/sap/SEPMRA_ALP_SO_ANA_SRV/SEPMRA_C_ALP_CountryVH('NI')",
		"uri": "https://ldai3uia.wdf.sap.corp:44300/sap/opu/odata/sap/SEPMRA_ALP_SO_ANA_SRV/SEPMRA_C_ALP_CountryVH('NI')",
		"type": "SEPMRA_ALP_SO_ANA_SRV.SEPMRA_C_ALP_CountryVHType"
	},
	"Country": "NI",
	"CountryT": "Nicaragua"
}, {
	"__metadata": {
		"id": "https://ldai3uia.wdf.sap.corp:44300/sap/opu/odata/sap/SEPMRA_ALP_SO_ANA_SRV/SEPMRA_C_ALP_CountryVH('BF')",
		"uri": "https://ldai3uia.wdf.sap.corp:44300/sap/opu/odata/sap/SEPMRA_ALP_SO_ANA_SRV/SEPMRA_C_ALP_CountryVH('BF')",
		"type": "SEPMRA_ALP_SO_ANA_SRV.SEPMRA_C_ALP_CountryVHType"
	},
	"Country": "BF",
	"CountryT": "Burkina Faso"
}, {
	"__metadata": {
		"id": "https://ldai3uia.wdf.sap.corp:44300/sap/opu/odata/sap/SEPMRA_ALP_SO_ANA_SRV/SEPMRA_C_ALP_CountryVH('BG')",
		"uri": "https://ldai3uia.wdf.sap.corp:44300/sap/opu/odata/sap/SEPMRA_ALP_SO_ANA_SRV/SEPMRA_C_ALP_CountryVH('BG')",
		"type": "SEPMRA_ALP_SO_ANA_SRV.SEPMRA_C_ALP_CountryVHType"
	},
	"Country": "BG",
	"CountryT": "Bulgaria"
}, {
	"__metadata": {
		"id": "https://ldai3uia.wdf.sap.corp:44300/sap/opu/odata/sap/SEPMRA_ALP_SO_ANA_SRV/SEPMRA_C_ALP_CountryVH('BH')",
		"uri": "https://ldai3uia.wdf.sap.corp:44300/sap/opu/odata/sap/SEPMRA_ALP_SO_ANA_SRV/SEPMRA_C_ALP_CountryVH('BH')",
		"type": "SEPMRA_ALP_SO_ANA_SRV.SEPMRA_C_ALP_CountryVHType"
	},
	"Country": "BH",
	"CountryT": "Bahrain"
}, {
	"__metadata": {
		"id": "https://ldai3uia.wdf.sap.corp:44300/sap/opu/odata/sap/SEPMRA_ALP_SO_ANA_SRV/SEPMRA_C_ALP_CountryVH('BI')",
		"uri": "https://ldai3uia.wdf.sap.corp:44300/sap/opu/odata/sap/SEPMRA_ALP_SO_ANA_SRV/SEPMRA_C_ALP_CountryVH('BI')",
		"type": "SEPMRA_ALP_SO_ANA_SRV.SEPMRA_C_ALP_CountryVHType"
	},
	"Country": "BI",
	"CountryT": "Burundi"
}, {
	"__metadata": {
		"id": "https://ldai3uia.wdf.sap.corp:44300/sap/opu/odata/sap/SEPMRA_ALP_SO_ANA_SRV/SEPMRA_C_ALP_CountryVH('BJ')",
		"uri": "https://ldai3uia.wdf.sap.corp:44300/sap/opu/odata/sap/SEPMRA_ALP_SO_ANA_SRV/SEPMRA_C_ALP_CountryVH('BJ')",
		"type": "SEPMRA_ALP_SO_ANA_SRV.SEPMRA_C_ALP_CountryVHType"
	},
	"Country": "BJ",
	"CountryT": "Benin"
}, {
	"__metadata": {
		"id": "https://ldai3uia.wdf.sap.corp:44300/sap/opu/odata/sap/SEPMRA_ALP_SO_ANA_SRV/SEPMRA_C_ALP_CountryVH('BO')",
		"uri": "https://ldai3uia.wdf.sap.corp:44300/sap/opu/odata/sap/SEPMRA_ALP_SO_ANA_SRV/SEPMRA_C_ALP_CountryVH('BO')",
		"type": "SEPMRA_ALP_SO_ANA_SRV.SEPMRA_C_ALP_CountryVHType"
	},
	"Country": "BO",
	"CountryT": "Bolivia"
}, {
	"__metadata": {
		"id": "https://ldai3uia.wdf.sap.corp:44300/sap/opu/odata/sap/SEPMRA_ALP_SO_ANA_SRV/SEPMRA_C_ALP_CountryVH('CM')",
		"uri": "https://ldai3uia.wdf.sap.corp:44300/sap/opu/odata/sap/SEPMRA_ALP_SO_ANA_SRV/SEPMRA_C_ALP_CountryVH('CM')",
		"type": "SEPMRA_ALP_SO_ANA_SRV.SEPMRA_C_ALP_CountryVHType"
	},
	"Country": "CM",
	"CountryT": "Cameroon"
}, {
	"__metadata": {
		"id": "https://ldai3uia.wdf.sap.corp:44300/sap/opu/odata/sap/SEPMRA_ALP_SO_ANA_SRV/SEPMRA_C_ALP_CountryVH('BS')",
		"uri": "https://ldai3uia.wdf.sap.corp:44300/sap/opu/odata/sap/SEPMRA_ALP_SO_ANA_SRV/SEPMRA_C_ALP_CountryVH('BS')",
		"type": "SEPMRA_ALP_SO_ANA_SRV.SEPMRA_C_ALP_CountryVHType"
	},
	"Country": "BS",
	"CountryT": "Bahamas"
}, {
	"__metadata": {
		"id": "https://ldai3uia.wdf.sap.corp:44300/sap/opu/odata/sap/SEPMRA_ALP_SO_ANA_SRV/SEPMRA_C_ALP_CountryVH('BT')",
		"uri": "https://ldai3uia.wdf.sap.corp:44300/sap/opu/odata/sap/SEPMRA_ALP_SO_ANA_SRV/SEPMRA_C_ALP_CountryVH('BT')",
		"type": "SEPMRA_ALP_SO_ANA_SRV.SEPMRA_C_ALP_CountryVHType"
	},
	"Country": "BT",
	"CountryT": "Bhutan"
}, {
	"__metadata": {
		"id": "https://ldai3uia.wdf.sap.corp:44300/sap/opu/odata/sap/SEPMRA_ALP_SO_ANA_SRV/SEPMRA_C_ALP_CountryVH('BV')",
		"uri": "https://ldai3uia.wdf.sap.corp:44300/sap/opu/odata/sap/SEPMRA_ALP_SO_ANA_SRV/SEPMRA_C_ALP_CountryVH('BV')",
		"type": "SEPMRA_ALP_SO_ANA_SRV.SEPMRA_C_ALP_CountryVHType"
	},
	"Country": "BV",
	"CountryT": "Bouvet Islands"
}, {
	"__metadata": {
		"id": "https://ldai3uia.wdf.sap.corp:44300/sap/opu/odata/sap/SEPMRA_ALP_SO_ANA_SRV/SEPMRA_C_ALP_CountryVH('BY')",
		"uri": "https://ldai3uia.wdf.sap.corp:44300/sap/opu/odata/sap/SEPMRA_ALP_SO_ANA_SRV/SEPMRA_C_ALP_CountryVH('BY')",
		"type": "SEPMRA_ALP_SO_ANA_SRV.SEPMRA_C_ALP_CountryVHType"
	},
	"Country": "BY",
	"CountryT": "Belarus"
}, {
	"__metadata": {
		"id": "https://ldai3uia.wdf.sap.corp:44300/sap/opu/odata/sap/SEPMRA_ALP_SO_ANA_SRV/SEPMRA_C_ALP_CountryVH('BZ')",
		"uri": "https://ldai3uia.wdf.sap.corp:44300/sap/opu/odata/sap/SEPMRA_ALP_SO_ANA_SRV/SEPMRA_C_ALP_CountryVH('BZ')",
		"type": "SEPMRA_ALP_SO_ANA_SRV.SEPMRA_C_ALP_CountryVHType"
	},
	"Country": "BZ",
	"CountryT": "Belize"
}, {
	"__metadata": {
		"id": "https://ldai3uia.wdf.sap.corp:44300/sap/opu/odata/sap/SEPMRA_ALP_SO_ANA_SRV/SEPMRA_C_ALP_CountryVH('CA')",
		"uri": "https://ldai3uia.wdf.sap.corp:44300/sap/opu/odata/sap/SEPMRA_ALP_SO_ANA_SRV/SEPMRA_C_ALP_CountryVH('CA')",
		"type": "SEPMRA_ALP_SO_ANA_SRV.SEPMRA_C_ALP_CountryVHType"
	},
	"Country": "CA",
	"CountryT": "Canada"
}, {
	"__metadata": {
		"id": "https://ldai3uia.wdf.sap.corp:44300/sap/opu/odata/sap/SEPMRA_ALP_SO_ANA_SRV/SEPMRA_C_ALP_CountryVH('CC')",
		"uri": "https://ldai3uia.wdf.sap.corp:44300/sap/opu/odata/sap/SEPMRA_ALP_SO_ANA_SRV/SEPMRA_C_ALP_CountryVH('CC')",
		"type": "SEPMRA_ALP_SO_ANA_SRV.SEPMRA_C_ALP_CountryVHType"
	},
	"Country": "CC",
	"CountryT": "Cocos (Keeling) Islands"
}, {
	"__metadata": {
		"id": "https://ldai3uia.wdf.sap.corp:44300/sap/opu/odata/sap/SEPMRA_ALP_SO_ANA_SRV/SEPMRA_C_ALP_CountryVH('CD')",
		"uri": "https://ldai3uia.wdf.sap.corp:44300/sap/opu/odata/sap/SEPMRA_ALP_SO_ANA_SRV/SEPMRA_C_ALP_CountryVH('CD')",
		"type": "SEPMRA_ALP_SO_ANA_SRV.SEPMRA_C_ALP_CountryVHType"
	},
	"Country": "CD",
	"CountryT": "Democratic Republic of the Congo"
}, {
	"__metadata": {
		"id": "https://ldai3uia.wdf.sap.corp:44300/sap/opu/odata/sap/SEPMRA_ALP_SO_ANA_SRV/SEPMRA_C_ALP_CountryVH('TW')",
		"uri": "https://ldai3uia.wdf.sap.corp:44300/sap/opu/odata/sap/SEPMRA_ALP_SO_ANA_SRV/SEPMRA_C_ALP_CountryVH('TW')",
		"type": "SEPMRA_ALP_SO_ANA_SRV.SEPMRA_C_ALP_CountryVHType"
	},
	"Country": "TW",
	"CountryT": "Taiwan"
}, {
	"__metadata": {
		"id": "https://ldai3uia.wdf.sap.corp:44300/sap/opu/odata/sap/SEPMRA_ALP_SO_ANA_SRV/SEPMRA_C_ALP_CountryVH('CG')",
		"uri": "https://ldai3uia.wdf.sap.corp:44300/sap/opu/odata/sap/SEPMRA_ALP_SO_ANA_SRV/SEPMRA_C_ALP_CountryVH('CG')",
		"type": "SEPMRA_ALP_SO_ANA_SRV.SEPMRA_C_ALP_CountryVHType"
	},
	"Country": "CG",
	"CountryT": "Republic of the Congo"
}, {
	"__metadata": {
		"id": "https://ldai3uia.wdf.sap.corp:44300/sap/opu/odata/sap/SEPMRA_ALP_SO_ANA_SRV/SEPMRA_C_ALP_CountryVH('CH')",
		"uri": "https://ldai3uia.wdf.sap.corp:44300/sap/opu/odata/sap/SEPMRA_ALP_SO_ANA_SRV/SEPMRA_C_ALP_CountryVH('CH')",
		"type": "SEPMRA_ALP_SO_ANA_SRV.SEPMRA_C_ALP_CountryVHType"
	},
	"Country": "CH",
	"CountryT": "Switzerland"
}, {
	"__metadata": {
		"id": "https://ldai3uia.wdf.sap.corp:44300/sap/opu/odata/sap/SEPMRA_ALP_SO_ANA_SRV/SEPMRA_C_ALP_CountryVH('CY')",
		"uri": "https://ldai3uia.wdf.sap.corp:44300/sap/opu/odata/sap/SEPMRA_ALP_SO_ANA_SRV/SEPMRA_C_ALP_CountryVH('CY')",
		"type": "SEPMRA_ALP_SO_ANA_SRV.SEPMRA_C_ALP_CountryVHType"
	},
	"Country": "CY",
	"CountryT": "Cyprus"
}, {
	"__metadata": {
		"id": "https://ldai3uia.wdf.sap.corp:44300/sap/opu/odata/sap/SEPMRA_ALP_SO_ANA_SRV/SEPMRA_C_ALP_CountryVH('JM')",
		"uri": "https://ldai3uia.wdf.sap.corp:44300/sap/opu/odata/sap/SEPMRA_ALP_SO_ANA_SRV/SEPMRA_C_ALP_CountryVH('JM')",
		"type": "SEPMRA_ALP_SO_ANA_SRV.SEPMRA_C_ALP_CountryVHType"
	},
	"Country": "JM",
	"CountryT": "Jamaica"
}, {
	"__metadata": {
		"id": "https://ldai3uia.wdf.sap.corp:44300/sap/opu/odata/sap/SEPMRA_ALP_SO_ANA_SRV/SEPMRA_C_ALP_CountryVH('CL')",
		"uri": "https://ldai3uia.wdf.sap.corp:44300/sap/opu/odata/sap/SEPMRA_ALP_SO_ANA_SRV/SEPMRA_C_ALP_CountryVH('CL')",
		"type": "SEPMRA_ALP_SO_ANA_SRV.SEPMRA_C_ALP_CountryVHType"
	},
	"Country": "CL",
	"CountryT": "Chile"
}, {
	"__metadata": {
		"id": "https://ldai3uia.wdf.sap.corp:44300/sap/opu/odata/sap/SEPMRA_ALP_SO_ANA_SRV/SEPMRA_C_ALP_CountryVH('MU')",
		"uri": "https://ldai3uia.wdf.sap.corp:44300/sap/opu/odata/sap/SEPMRA_ALP_SO_ANA_SRV/SEPMRA_C_ALP_CountryVH('MU')",
		"type": "SEPMRA_ALP_SO_ANA_SRV.SEPMRA_C_ALP_CountryVHType"
	},
	"Country": "MU",
	"CountryT": "Mauritius"
}, {
	"__metadata": {
		"id": "https://ldai3uia.wdf.sap.corp:44300/sap/opu/odata/sap/SEPMRA_ALP_SO_ANA_SRV/SEPMRA_C_ALP_CountryVH('CN')",
		"uri": "https://ldai3uia.wdf.sap.corp:44300/sap/opu/odata/sap/SEPMRA_ALP_SO_ANA_SRV/SEPMRA_C_ALP_CountryVH('CN')",
		"type": "SEPMRA_ALP_SO_ANA_SRV.SEPMRA_C_ALP_CountryVHType"
	},
	"Country": "CN",
	"CountryT": "China"
}, {
	"__metadata": {
		"id": "https://ldai3uia.wdf.sap.corp:44300/sap/opu/odata/sap/SEPMRA_ALP_SO_ANA_SRV/SEPMRA_C_ALP_CountryVH('CO')",
		"uri": "https://ldai3uia.wdf.sap.corp:44300/sap/opu/odata/sap/SEPMRA_ALP_SO_ANA_SRV/SEPMRA_C_ALP_CountryVH('CO')",
		"type": "SEPMRA_ALP_SO_ANA_SRV.SEPMRA_C_ALP_CountryVHType"
	},
	"Country": "CO",
	"CountryT": "Colombia"
}, {
	"__metadata": {
		"id": "https://ldai3uia.wdf.sap.corp:44300/sap/opu/odata/sap/SEPMRA_ALP_SO_ANA_SRV/SEPMRA_C_ALP_CountryVH('GI')",
		"uri": "https://ldai3uia.wdf.sap.corp:44300/sap/opu/odata/sap/SEPMRA_ALP_SO_ANA_SRV/SEPMRA_C_ALP_CountryVH('GI')",
		"type": "SEPMRA_ALP_SO_ANA_SRV.SEPMRA_C_ALP_CountryVHType"
	},
	"Country": "GI",
	"CountryT": "Gibraltar"
}, {
	"__metadata": {
		"id": "https://ldai3uia.wdf.sap.corp:44300/sap/opu/odata/sap/SEPMRA_ALP_SO_ANA_SRV/SEPMRA_C_ALP_CountryVH('SA')",
		"uri": "https://ldai3uia.wdf.sap.corp:44300/sap/opu/odata/sap/SEPMRA_ALP_SO_ANA_SRV/SEPMRA_C_ALP_CountryVH('SA')",
		"type": "SEPMRA_ALP_SO_ANA_SRV.SEPMRA_C_ALP_CountryVHType"
	},
	"Country": "SA",
	"CountryT": "Saudi Arabia"
}, {
	"__metadata": {
		"id": "https://ldai3uia.wdf.sap.corp:44300/sap/opu/odata/sap/SEPMRA_ALP_SO_ANA_SRV/SEPMRA_C_ALP_CountryVH('CV')",
		"uri": "https://ldai3uia.wdf.sap.corp:44300/sap/opu/odata/sap/SEPMRA_ALP_SO_ANA_SRV/SEPMRA_C_ALP_CountryVH('CV')",
		"type": "SEPMRA_ALP_SO_ANA_SRV.SEPMRA_C_ALP_CountryVHType"
	},
	"Country": "CV",
	"CountryT": "Cape Verde"
}, {
	"__metadata": {
		"id": "https://ldai3uia.wdf.sap.corp:44300/sap/opu/odata/sap/SEPMRA_ALP_SO_ANA_SRV/SEPMRA_C_ALP_CountryVH('CX')",
		"uri": "https://ldai3uia.wdf.sap.corp:44300/sap/opu/odata/sap/SEPMRA_ALP_SO_ANA_SRV/SEPMRA_C_ALP_CountryVH('CX')",
		"type": "SEPMRA_ALP_SO_ANA_SRV.SEPMRA_C_ALP_CountryVHType"
	},
	"Country": "CX",
	"CountryT": "Christmas Islnd"
}, {
	"__metadata": {
		"id": "https://ldai3uia.wdf.sap.corp:44300/sap/opu/odata/sap/SEPMRA_ALP_SO_ANA_SRV/SEPMRA_C_ALP_CountryVH('DJ')",
		"uri": "https://ldai3uia.wdf.sap.corp:44300/sap/opu/odata/sap/SEPMRA_ALP_SO_ANA_SRV/SEPMRA_C_ALP_CountryVH('DJ')",
		"type": "SEPMRA_ALP_SO_ANA_SRV.SEPMRA_C_ALP_CountryVHType"
	},
	"Country": "DJ",
	"CountryT": "Djibouti"
}, {
	"__metadata": {
		"id": "https://ldai3uia.wdf.sap.corp:44300/sap/opu/odata/sap/SEPMRA_ALP_SO_ANA_SRV/SEPMRA_C_ALP_CountryVH('DM')",
		"uri": "https://ldai3uia.wdf.sap.corp:44300/sap/opu/odata/sap/SEPMRA_ALP_SO_ANA_SRV/SEPMRA_C_ALP_CountryVH('DM')",
		"type": "SEPMRA_ALP_SO_ANA_SRV.SEPMRA_C_ALP_CountryVHType"
	},
	"Country": "DM",
	"CountryT": "Dominica"
}, {
	"__metadata": {
		"id": "https://ldai3uia.wdf.sap.corp:44300/sap/opu/odata/sap/SEPMRA_ALP_SO_ANA_SRV/SEPMRA_C_ALP_CountryVH('DO')",
		"uri": "https://ldai3uia.wdf.sap.corp:44300/sap/opu/odata/sap/SEPMRA_ALP_SO_ANA_SRV/SEPMRA_C_ALP_CountryVH('DO')",
		"type": "SEPMRA_ALP_SO_ANA_SRV.SEPMRA_C_ALP_CountryVHType"
	},
	"Country": "DO",
	"CountryT": "Dominican Republic"
}, {
	"__metadata": {
		"id": "https://ldai3uia.wdf.sap.corp:44300/sap/opu/odata/sap/SEPMRA_ALP_SO_ANA_SRV/SEPMRA_C_ALP_CountryVH('DZ')",
		"uri": "https://ldai3uia.wdf.sap.corp:44300/sap/opu/odata/sap/SEPMRA_ALP_SO_ANA_SRV/SEPMRA_C_ALP_CountryVH('DZ')",
		"type": "SEPMRA_ALP_SO_ANA_SRV.SEPMRA_C_ALP_CountryVHType"
	},
	"Country": "DZ",
	"CountryT": "Algeria"
}, {
	"__metadata": {
		"id": "https://ldai3uia.wdf.sap.corp:44300/sap/opu/odata/sap/SEPMRA_ALP_SO_ANA_SRV/SEPMRA_C_ALP_CountryVH('EG')",
		"uri": "https://ldai3uia.wdf.sap.corp:44300/sap/opu/odata/sap/SEPMRA_ALP_SO_ANA_SRV/SEPMRA_C_ALP_CountryVH('EG')",
		"type": "SEPMRA_ALP_SO_ANA_SRV.SEPMRA_C_ALP_CountryVHType"
	},
	"Country": "EG",
	"CountryT": "Egypt"
}, {
	"__metadata": {
		"id": "https://ldai3uia.wdf.sap.corp:44300/sap/opu/odata/sap/SEPMRA_ALP_SO_ANA_SRV/SEPMRA_C_ALP_CountryVH('EH')",
		"uri": "https://ldai3uia.wdf.sap.corp:44300/sap/opu/odata/sap/SEPMRA_ALP_SO_ANA_SRV/SEPMRA_C_ALP_CountryVH('EH')",
		"type": "SEPMRA_ALP_SO_ANA_SRV.SEPMRA_C_ALP_CountryVHType"
	},
	"Country": "EH",
	"CountryT": "Western Sahara"
}, {
	"__metadata": {
		"id": "https://ldai3uia.wdf.sap.corp:44300/sap/opu/odata/sap/SEPMRA_ALP_SO_ANA_SRV/SEPMRA_C_ALP_CountryVH('ER')",
		"uri": "https://ldai3uia.wdf.sap.corp:44300/sap/opu/odata/sap/SEPMRA_ALP_SO_ANA_SRV/SEPMRA_C_ALP_CountryVH('ER')",
		"type": "SEPMRA_ALP_SO_ANA_SRV.SEPMRA_C_ALP_CountryVHType"
	},
	"Country": "ER",
	"CountryT": "Eritrea"
}, {
	"__metadata": {
		"id": "https://ldai3uia.wdf.sap.corp:44300/sap/opu/odata/sap/SEPMRA_ALP_SO_ANA_SRV/SEPMRA_C_ALP_CountryVH('FJ')",
		"uri": "https://ldai3uia.wdf.sap.corp:44300/sap/opu/odata/sap/SEPMRA_ALP_SO_ANA_SRV/SEPMRA_C_ALP_CountryVH('FJ')",
		"type": "SEPMRA_ALP_SO_ANA_SRV.SEPMRA_C_ALP_CountryVHType"
	},
	"Country": "FJ",
	"CountryT": "Fiji"
}, {
	"__metadata": {
		"id": "https://ldai3uia.wdf.sap.corp:44300/sap/opu/odata/sap/SEPMRA_ALP_SO_ANA_SRV/SEPMRA_C_ALP_CountryVH('FK')",
		"uri": "https://ldai3uia.wdf.sap.corp:44300/sap/opu/odata/sap/SEPMRA_ALP_SO_ANA_SRV/SEPMRA_C_ALP_CountryVH('FK')",
		"type": "SEPMRA_ALP_SO_ANA_SRV.SEPMRA_C_ALP_CountryVHType"
	},
	"Country": "FK",
	"CountryT": "Falkland Islands"
}, {
	"__metadata": {
		"id": "https://ldai3uia.wdf.sap.corp:44300/sap/opu/odata/sap/SEPMRA_ALP_SO_ANA_SRV/SEPMRA_C_ALP_CountryVH('FM')",
		"uri": "https://ldai3uia.wdf.sap.corp:44300/sap/opu/odata/sap/SEPMRA_ALP_SO_ANA_SRV/SEPMRA_C_ALP_CountryVH('FM')",
		"type": "SEPMRA_ALP_SO_ANA_SRV.SEPMRA_C_ALP_CountryVHType"
	},
	"Country": "FM",
	"CountryT": "Micronesia"
}, {
	"__metadata": {
		"id": "https://ldai3uia.wdf.sap.corp:44300/sap/opu/odata/sap/SEPMRA_ALP_SO_ANA_SRV/SEPMRA_C_ALP_CountryVH('GW')",
		"uri": "https://ldai3uia.wdf.sap.corp:44300/sap/opu/odata/sap/SEPMRA_ALP_SO_ANA_SRV/SEPMRA_C_ALP_CountryVH('GW')",
		"type": "SEPMRA_ALP_SO_ANA_SRV.SEPMRA_C_ALP_CountryVHType"
	},
	"Country": "GW",
	"CountryT": "Guinea-Bissau"
}, {
	"__metadata": {
		"id": "https://ldai3uia.wdf.sap.corp:44300/sap/opu/odata/sap/SEPMRA_ALP_SO_ANA_SRV/SEPMRA_C_ALP_CountryVH('GA')",
		"uri": "https://ldai3uia.wdf.sap.corp:44300/sap/opu/odata/sap/SEPMRA_ALP_SO_ANA_SRV/SEPMRA_C_ALP_CountryVH('GA')",
		"type": "SEPMRA_ALP_SO_ANA_SRV.SEPMRA_C_ALP_CountryVHType"
	},
	"Country": "GA",
	"CountryT": "Gabon"
}, {
	"__metadata": {
		"id": "https://ldai3uia.wdf.sap.corp:44300/sap/opu/odata/sap/SEPMRA_ALP_SO_ANA_SRV/SEPMRA_C_ALP_CountryVH('SO')",
		"uri": "https://ldai3uia.wdf.sap.corp:44300/sap/opu/odata/sap/SEPMRA_ALP_SO_ANA_SRV/SEPMRA_C_ALP_CountryVH('SO')",
		"type": "SEPMRA_ALP_SO_ANA_SRV.SEPMRA_C_ALP_CountryVHType"
	},
	"Country": "SO",
	"CountryT": "Somalia"
}, {
	"__metadata": {
		"id": "https://ldai3uia.wdf.sap.corp:44300/sap/opu/odata/sap/SEPMRA_ALP_SO_ANA_SRV/SEPMRA_C_ALP_CountryVH('GD')",
		"uri": "https://ldai3uia.wdf.sap.corp:44300/sap/opu/odata/sap/SEPMRA_ALP_SO_ANA_SRV/SEPMRA_C_ALP_CountryVH('GD')",
		"type": "SEPMRA_ALP_SO_ANA_SRV.SEPMRA_C_ALP_CountryVHType"
	},
	"Country": "GD",
	"CountryT": "Grenada"
}, {
	"__metadata": {
		"id": "https://ldai3uia.wdf.sap.corp:44300/sap/opu/odata/sap/SEPMRA_ALP_SO_ANA_SRV/SEPMRA_C_ALP_CountryVH('GE')",
		"uri": "https://ldai3uia.wdf.sap.corp:44300/sap/opu/odata/sap/SEPMRA_ALP_SO_ANA_SRV/SEPMRA_C_ALP_CountryVH('GE')",
		"type": "SEPMRA_ALP_SO_ANA_SRV.SEPMRA_C_ALP_CountryVHType"
	},
	"Country": "GE",
	"CountryT": "Georgia"
}, {
	"__metadata": {
		"id": "https://ldai3uia.wdf.sap.corp:44300/sap/opu/odata/sap/SEPMRA_ALP_SO_ANA_SRV/SEPMRA_C_ALP_CountryVH('GF')",
		"uri": "https://ldai3uia.wdf.sap.corp:44300/sap/opu/odata/sap/SEPMRA_ALP_SO_ANA_SRV/SEPMRA_C_ALP_CountryVH('GF')",
		"type": "SEPMRA_ALP_SO_ANA_SRV.SEPMRA_C_ALP_CountryVHType"
	},
	"Country": "GF",
	"CountryT": "French Guyana"
}, {
	"__metadata": {
		"id": "https://ldai3uia.wdf.sap.corp:44300/sap/opu/odata/sap/SEPMRA_ALP_SO_ANA_SRV/SEPMRA_C_ALP_CountryVH('GH')",
		"uri": "https://ldai3uia.wdf.sap.corp:44300/sap/opu/odata/sap/SEPMRA_ALP_SO_ANA_SRV/SEPMRA_C_ALP_CountryVH('GH')",
		"type": "SEPMRA_ALP_SO_ANA_SRV.SEPMRA_C_ALP_CountryVHType"
	},
	"Country": "GH",
	"CountryT": "Ghana"
}, {
	"__metadata": {
		"id": "https://ldai3uia.wdf.sap.corp:44300/sap/opu/odata/sap/SEPMRA_ALP_SO_ANA_SRV/SEPMRA_C_ALP_CountryVH('GL')",
		"uri": "https://ldai3uia.wdf.sap.corp:44300/sap/opu/odata/sap/SEPMRA_ALP_SO_ANA_SRV/SEPMRA_C_ALP_CountryVH('GL')",
		"type": "SEPMRA_ALP_SO_ANA_SRV.SEPMRA_C_ALP_CountryVHType"
	},
	"Country": "GL",
	"CountryT": "Greenland"
}, {
	"__metadata": {
		"id": "https://ldai3uia.wdf.sap.corp:44300/sap/opu/odata/sap/SEPMRA_ALP_SO_ANA_SRV/SEPMRA_C_ALP_CountryVH('GM')",
		"uri": "https://ldai3uia.wdf.sap.corp:44300/sap/opu/odata/sap/SEPMRA_ALP_SO_ANA_SRV/SEPMRA_C_ALP_CountryVH('GM')",
		"type": "SEPMRA_ALP_SO_ANA_SRV.SEPMRA_C_ALP_CountryVHType"
	},
	"Country": "GM",
	"CountryT": "Gambia"
}, {
	"__metadata": {
		"id": "https://ldai3uia.wdf.sap.corp:44300/sap/opu/odata/sap/SEPMRA_ALP_SO_ANA_SRV/SEPMRA_C_ALP_CountryVH('GN')",
		"uri": "https://ldai3uia.wdf.sap.corp:44300/sap/opu/odata/sap/SEPMRA_ALP_SO_ANA_SRV/SEPMRA_C_ALP_CountryVH('GN')",
		"type": "SEPMRA_ALP_SO_ANA_SRV.SEPMRA_C_ALP_CountryVHType"
	},
	"Country": "GN",
	"CountryT": "Guinea"
}, {
	"__metadata": {
		"id": "https://ldai3uia.wdf.sap.corp:44300/sap/opu/odata/sap/SEPMRA_ALP_SO_ANA_SRV/SEPMRA_C_ALP_CountryVH('GP')",
		"uri": "https://ldai3uia.wdf.sap.corp:44300/sap/opu/odata/sap/SEPMRA_ALP_SO_ANA_SRV/SEPMRA_C_ALP_CountryVH('GP')",
		"type": "SEPMRA_ALP_SO_ANA_SRV.SEPMRA_C_ALP_CountryVHType"
	},
	"Country": "GP",
	"CountryT": "Guadeloupe"
}, {
	"__metadata": {
		"id": "https://ldai3uia.wdf.sap.corp:44300/sap/opu/odata/sap/SEPMRA_ALP_SO_ANA_SRV/SEPMRA_C_ALP_CountryVH('GQ')",
		"uri": "https://ldai3uia.wdf.sap.corp:44300/sap/opu/odata/sap/SEPMRA_ALP_SO_ANA_SRV/SEPMRA_C_ALP_CountryVH('GQ')",
		"type": "SEPMRA_ALP_SO_ANA_SRV.SEPMRA_C_ALP_CountryVHType"
	},
	"Country": "GQ",
	"CountryT": "Equatorial Guinea"
}, {
	"__metadata": {
		"id": "https://ldai3uia.wdf.sap.corp:44300/sap/opu/odata/sap/SEPMRA_ALP_SO_ANA_SRV/SEPMRA_C_ALP_CountryVH('GS')",
		"uri": "https://ldai3uia.wdf.sap.corp:44300/sap/opu/odata/sap/SEPMRA_ALP_SO_ANA_SRV/SEPMRA_C_ALP_CountryVH('GS')",
		"type": "SEPMRA_ALP_SO_ANA_SRV.SEPMRA_C_ALP_CountryVHType"
	},
	"Country": "GS",
	"CountryT": "South Georgia and the Southern Sandwich Islands"
}, {
	"__metadata": {
		"id": "https://ldai3uia.wdf.sap.corp:44300/sap/opu/odata/sap/SEPMRA_ALP_SO_ANA_SRV/SEPMRA_C_ALP_CountryVH('GT')",
		"uri": "https://ldai3uia.wdf.sap.corp:44300/sap/opu/odata/sap/SEPMRA_ALP_SO_ANA_SRV/SEPMRA_C_ALP_CountryVH('GT')",
		"type": "SEPMRA_ALP_SO_ANA_SRV.SEPMRA_C_ALP_CountryVHType"
	},
	"Country": "GT",
	"CountryT": "Guatemala"
}, {
	"__metadata": {
		"id": "https://ldai3uia.wdf.sap.corp:44300/sap/opu/odata/sap/SEPMRA_ALP_SO_ANA_SRV/SEPMRA_C_ALP_CountryVH('GU')",
		"uri": "https://ldai3uia.wdf.sap.corp:44300/sap/opu/odata/sap/SEPMRA_ALP_SO_ANA_SRV/SEPMRA_C_ALP_CountryVH('GU')",
		"type": "SEPMRA_ALP_SO_ANA_SRV.SEPMRA_C_ALP_CountryVHType"
	},
	"Country": "GU",
	"CountryT": "Guam"
}, {
	"__metadata": {
		"id": "https://ldai3uia.wdf.sap.corp:44300/sap/opu/odata/sap/SEPMRA_ALP_SO_ANA_SRV/SEPMRA_C_ALP_CountryVH('GY')",
		"uri": "https://ldai3uia.wdf.sap.corp:44300/sap/opu/odata/sap/SEPMRA_ALP_SO_ANA_SRV/SEPMRA_C_ALP_CountryVH('GY')",
		"type": "SEPMRA_ALP_SO_ANA_SRV.SEPMRA_C_ALP_CountryVHType"
	},
	"Country": "GY",
	"CountryT": "Guyana"
}, {
	"__metadata": {
		"id": "https://ldai3uia.wdf.sap.corp:44300/sap/opu/odata/sap/SEPMRA_ALP_SO_ANA_SRV/SEPMRA_C_ALP_CountryVH('HK')",
		"uri": "https://ldai3uia.wdf.sap.corp:44300/sap/opu/odata/sap/SEPMRA_ALP_SO_ANA_SRV/SEPMRA_C_ALP_CountryVH('HK')",
		"type": "SEPMRA_ALP_SO_ANA_SRV.SEPMRA_C_ALP_CountryVHType"
	},
	"Country": "HK",
	"CountryT": "Hong Kong"
}, {
	"__metadata": {
		"id": "https://ldai3uia.wdf.sap.corp:44300/sap/opu/odata/sap/SEPMRA_ALP_SO_ANA_SRV/SEPMRA_C_ALP_CountryVH('HM')",
		"uri": "https://ldai3uia.wdf.sap.corp:44300/sap/opu/odata/sap/SEPMRA_ALP_SO_ANA_SRV/SEPMRA_C_ALP_CountryVH('HM')",
		"type": "SEPMRA_ALP_SO_ANA_SRV.SEPMRA_C_ALP_CountryVHType"
	},
	"Country": "HM",
	"CountryT": "Heard and McDonald Islands"
}, {
	"__metadata": {
		"id": "https://ldai3uia.wdf.sap.corp:44300/sap/opu/odata/sap/SEPMRA_ALP_SO_ANA_SRV/SEPMRA_C_ALP_CountryVH('HT')",
		"uri": "https://ldai3uia.wdf.sap.corp:44300/sap/opu/odata/sap/SEPMRA_ALP_SO_ANA_SRV/SEPMRA_C_ALP_CountryVH('HT')",
		"type": "SEPMRA_ALP_SO_ANA_SRV.SEPMRA_C_ALP_CountryVHType"
	},
	"Country": "HT",
	"CountryT": "Haiti"
}, {
	"__metadata": {
		"id": "https://ldai3uia.wdf.sap.corp:44300/sap/opu/odata/sap/SEPMRA_ALP_SO_ANA_SRV/SEPMRA_C_ALP_CountryVH('VN')",
		"uri": "https://ldai3uia.wdf.sap.corp:44300/sap/opu/odata/sap/SEPMRA_ALP_SO_ANA_SRV/SEPMRA_C_ALP_CountryVH('VN')",
		"type": "SEPMRA_ALP_SO_ANA_SRV.SEPMRA_C_ALP_CountryVHType"
	},
	"Country": "VN",
	"CountryT": "Vietnam"
}, {
	"__metadata": {
		"id": "https://ldai3uia.wdf.sap.corp:44300/sap/opu/odata/sap/SEPMRA_ALP_SO_ANA_SRV/SEPMRA_C_ALP_CountryVH('AX')",
		"uri": "https://ldai3uia.wdf.sap.corp:44300/sap/opu/odata/sap/SEPMRA_ALP_SO_ANA_SRV/SEPMRA_C_ALP_CountryVH('AX')",
		"type": "SEPMRA_ALP_SO_ANA_SRV.SEPMRA_C_ALP_CountryVHType"
	},
	"Country": "AX",
	"CountryT": "Aland Islands"
}, {
	"__metadata": {
		"id": "https://ldai3uia.wdf.sap.corp:44300/sap/opu/odata/sap/SEPMRA_ALP_SO_ANA_SRV/SEPMRA_C_ALP_CountryVH('IN')",
		"uri": "https://ldai3uia.wdf.sap.corp:44300/sap/opu/odata/sap/SEPMRA_ALP_SO_ANA_SRV/SEPMRA_C_ALP_CountryVH('IN')",
		"type": "SEPMRA_ALP_SO_ANA_SRV.SEPMRA_C_ALP_CountryVHType"
	},
	"Country": "IN",
	"CountryT": "India"
}, {
	"__metadata": {
		"id": "https://ldai3uia.wdf.sap.corp:44300/sap/opu/odata/sap/SEPMRA_ALP_SO_ANA_SRV/SEPMRA_C_ALP_CountryVH('IO')",
		"uri": "https://ldai3uia.wdf.sap.corp:44300/sap/opu/odata/sap/SEPMRA_ALP_SO_ANA_SRV/SEPMRA_C_ALP_CountryVH('IO')",
		"type": "SEPMRA_ALP_SO_ANA_SRV.SEPMRA_C_ALP_CountryVHType"
	},
	"Country": "IO",
	"CountryT": "British Indian Ocean Territory"
}, {
	"__metadata": {
		"id": "https://ldai3uia.wdf.sap.corp:44300/sap/opu/odata/sap/SEPMRA_ALP_SO_ANA_SRV/SEPMRA_C_ALP_CountryVH('IQ')",
		"uri": "https://ldai3uia.wdf.sap.corp:44300/sap/opu/odata/sap/SEPMRA_ALP_SO_ANA_SRV/SEPMRA_C_ALP_CountryVH('IQ')",
		"type": "SEPMRA_ALP_SO_ANA_SRV.SEPMRA_C_ALP_CountryVHType"
	},
	"Country": "IQ",
	"CountryT": "Iraq"
}, {
	"__metadata": {
		"id": "https://ldai3uia.wdf.sap.corp:44300/sap/opu/odata/sap/SEPMRA_ALP_SO_ANA_SRV/SEPMRA_C_ALP_CountryVH('IR')",
		"uri": "https://ldai3uia.wdf.sap.corp:44300/sap/opu/odata/sap/SEPMRA_ALP_SO_ANA_SRV/SEPMRA_C_ALP_CountryVH('IR')",
		"type": "SEPMRA_ALP_SO_ANA_SRV.SEPMRA_C_ALP_CountryVHType"
	},
	"Country": "IR",
	"CountryT": "Iran"
}, {
	"__metadata": {
		"id": "https://ldai3uia.wdf.sap.corp:44300/sap/opu/odata/sap/SEPMRA_ALP_SO_ANA_SRV/SEPMRA_C_ALP_CountryVH('JO')",
		"uri": "https://ldai3uia.wdf.sap.corp:44300/sap/opu/odata/sap/SEPMRA_ALP_SO_ANA_SRV/SEPMRA_C_ALP_CountryVH('JO')",
		"type": "SEPMRA_ALP_SO_ANA_SRV.SEPMRA_C_ALP_CountryVHType"
	},
	"Country": "JO",
	"CountryT": "Jordan"
}, {
	"__metadata": {
		"id": "https://ldai3uia.wdf.sap.corp:44300/sap/opu/odata/sap/SEPMRA_ALP_SO_ANA_SRV/SEPMRA_C_ALP_CountryVH('KE')",
		"uri": "https://ldai3uia.wdf.sap.corp:44300/sap/opu/odata/sap/SEPMRA_ALP_SO_ANA_SRV/SEPMRA_C_ALP_CountryVH('KE')",
		"type": "SEPMRA_ALP_SO_ANA_SRV.SEPMRA_C_ALP_CountryVHType"
	},
	"Country": "KE",
	"CountryT": "Kenya"
}, {
	"__metadata": {
		"id": "https://ldai3uia.wdf.sap.corp:44300/sap/opu/odata/sap/SEPMRA_ALP_SO_ANA_SRV/SEPMRA_C_ALP_CountryVH('KG')",
		"uri": "https://ldai3uia.wdf.sap.corp:44300/sap/opu/odata/sap/SEPMRA_ALP_SO_ANA_SRV/SEPMRA_C_ALP_CountryVH('KG')",
		"type": "SEPMRA_ALP_SO_ANA_SRV.SEPMRA_C_ALP_CountryVHType"
	},
	"Country": "KG",
	"CountryT": "Kyrgyzstan"
}, {
	"__metadata": {
		"id": "https://ldai3uia.wdf.sap.corp:44300/sap/opu/odata/sap/SEPMRA_ALP_SO_ANA_SRV/SEPMRA_C_ALP_CountryVH('KH')",
		"uri": "https://ldai3uia.wdf.sap.corp:44300/sap/opu/odata/sap/SEPMRA_ALP_SO_ANA_SRV/SEPMRA_C_ALP_CountryVH('KH')",
		"type": "SEPMRA_ALP_SO_ANA_SRV.SEPMRA_C_ALP_CountryVHType"
	},
	"Country": "KH",
	"CountryT": "Cambodia"
}, {
	"__metadata": {
		"id": "https://ldai3uia.wdf.sap.corp:44300/sap/opu/odata/sap/SEPMRA_ALP_SO_ANA_SRV/SEPMRA_C_ALP_CountryVH('KI')",
		"uri": "https://ldai3uia.wdf.sap.corp:44300/sap/opu/odata/sap/SEPMRA_ALP_SO_ANA_SRV/SEPMRA_C_ALP_CountryVH('KI')",
		"type": "SEPMRA_ALP_SO_ANA_SRV.SEPMRA_C_ALP_CountryVHType"
	},
	"Country": "KI",
	"CountryT": "Kiribati"
}, {
	"__metadata": {
		"id": "https://ldai3uia.wdf.sap.corp:44300/sap/opu/odata/sap/SEPMRA_ALP_SO_ANA_SRV/SEPMRA_C_ALP_CountryVH('KM')",
		"uri": "https://ldai3uia.wdf.sap.corp:44300/sap/opu/odata/sap/SEPMRA_ALP_SO_ANA_SRV/SEPMRA_C_ALP_CountryVH('KM')",
		"type": "SEPMRA_ALP_SO_ANA_SRV.SEPMRA_C_ALP_CountryVHType"
	},
	"Country": "KM",
	"CountryT": "Comoros"
}, {
	"__metadata": {
		"id": "https://ldai3uia.wdf.sap.corp:44300/sap/opu/odata/sap/SEPMRA_ALP_SO_ANA_SRV/SEPMRA_C_ALP_CountryVH('KN')",
		"uri": "https://ldai3uia.wdf.sap.corp:44300/sap/opu/odata/sap/SEPMRA_ALP_SO_ANA_SRV/SEPMRA_C_ALP_CountryVH('KN')",
		"type": "SEPMRA_ALP_SO_ANA_SRV.SEPMRA_C_ALP_CountryVHType"
	},
	"Country": "KN",
	"CountryT": "Saint Kitts and Nevis"
}, {
	"__metadata": {
		"id": "https://ldai3uia.wdf.sap.corp:44300/sap/opu/odata/sap/SEPMRA_ALP_SO_ANA_SRV/SEPMRA_C_ALP_CountryVH('KW')",
		"uri": "https://ldai3uia.wdf.sap.corp:44300/sap/opu/odata/sap/SEPMRA_ALP_SO_ANA_SRV/SEPMRA_C_ALP_CountryVH('KW')",
		"type": "SEPMRA_ALP_SO_ANA_SRV.SEPMRA_C_ALP_CountryVHType"
	},
	"Country": "KW",
	"CountryT": "Kuwait"
}, {
	"__metadata": {
		"id": "https://ldai3uia.wdf.sap.corp:44300/sap/opu/odata/sap/SEPMRA_ALP_SO_ANA_SRV/SEPMRA_C_ALP_CountryVH('KY')",
		"uri": "https://ldai3uia.wdf.sap.corp:44300/sap/opu/odata/sap/SEPMRA_ALP_SO_ANA_SRV/SEPMRA_C_ALP_CountryVH('KY')",
		"type": "SEPMRA_ALP_SO_ANA_SRV.SEPMRA_C_ALP_CountryVHType"
	},
	"Country": "KY",
	"CountryT": "Cayman Islands"
}, {
	"__metadata": {
		"id": "https://ldai3uia.wdf.sap.corp:44300/sap/opu/odata/sap/SEPMRA_ALP_SO_ANA_SRV/SEPMRA_C_ALP_CountryVH('BA')",
		"uri": "https://ldai3uia.wdf.sap.corp:44300/sap/opu/odata/sap/SEPMRA_ALP_SO_ANA_SRV/SEPMRA_C_ALP_CountryVH('BA')",
		"type": "SEPMRA_ALP_SO_ANA_SRV.SEPMRA_C_ALP_CountryVHType"
	},
	"Country": "BA",
	"CountryT": "Bosnia and Herzegovina"
}, {
	"__metadata": {
		"id": "https://ldai3uia.wdf.sap.corp:44300/sap/opu/odata/sap/SEPMRA_ALP_SO_ANA_SRV/SEPMRA_C_ALP_CountryVH('LA')",
		"uri": "https://ldai3uia.wdf.sap.corp:44300/sap/opu/odata/sap/SEPMRA_ALP_SO_ANA_SRV/SEPMRA_C_ALP_CountryVH('LA')",
		"type": "SEPMRA_ALP_SO_ANA_SRV.SEPMRA_C_ALP_CountryVHType"
	},
	"Country": "LA",
	"CountryT": "Laos"
}, {
	"__metadata": {
		"id": "https://ldai3uia.wdf.sap.corp:44300/sap/opu/odata/sap/SEPMRA_ALP_SO_ANA_SRV/SEPMRA_C_ALP_CountryVH('LC')",
		"uri": "https://ldai3uia.wdf.sap.corp:44300/sap/opu/odata/sap/SEPMRA_ALP_SO_ANA_SRV/SEPMRA_C_ALP_CountryVH('LC')",
		"type": "SEPMRA_ALP_SO_ANA_SRV.SEPMRA_C_ALP_CountryVHType"
	},
	"Country": "LC",
	"CountryT": "St. Lucia"
}, {
	"__metadata": {
		"id": "https://ldai3uia.wdf.sap.corp:44300/sap/opu/odata/sap/SEPMRA_ALP_SO_ANA_SRV/SEPMRA_C_ALP_CountryVH('LK')",
		"uri": "https://ldai3uia.wdf.sap.corp:44300/sap/opu/odata/sap/SEPMRA_ALP_SO_ANA_SRV/SEPMRA_C_ALP_CountryVH('LK')",
		"type": "SEPMRA_ALP_SO_ANA_SRV.SEPMRA_C_ALP_CountryVHType"
	},
	"Country": "LK",
	"CountryT": "Sri Lanka"
}, {
	"__metadata": {
		"id": "https://ldai3uia.wdf.sap.corp:44300/sap/opu/odata/sap/SEPMRA_ALP_SO_ANA_SRV/SEPMRA_C_ALP_CountryVH('LR')",
		"uri": "https://ldai3uia.wdf.sap.corp:44300/sap/opu/odata/sap/SEPMRA_ALP_SO_ANA_SRV/SEPMRA_C_ALP_CountryVH('LR')",
		"type": "SEPMRA_ALP_SO_ANA_SRV.SEPMRA_C_ALP_CountryVHType"
	},
	"Country": "LR",
	"CountryT": "Liberia"
}, {
	"__metadata": {
		"id": "https://ldai3uia.wdf.sap.corp:44300/sap/opu/odata/sap/SEPMRA_ALP_SO_ANA_SRV/SEPMRA_C_ALP_CountryVH('LS')",
		"uri": "https://ldai3uia.wdf.sap.corp:44300/sap/opu/odata/sap/SEPMRA_ALP_SO_ANA_SRV/SEPMRA_C_ALP_CountryVH('LS')",
		"type": "SEPMRA_ALP_SO_ANA_SRV.SEPMRA_C_ALP_CountryVHType"
	},
	"Country": "LS",
	"CountryT": "Lesotho"
}, {
	"__metadata": {
		"id": "https://ldai3uia.wdf.sap.corp:44300/sap/opu/odata/sap/SEPMRA_ALP_SO_ANA_SRV/SEPMRA_C_ALP_CountryVH('LT')",
		"uri": "https://ldai3uia.wdf.sap.corp:44300/sap/opu/odata/sap/SEPMRA_ALP_SO_ANA_SRV/SEPMRA_C_ALP_CountryVH('LT')",
		"type": "SEPMRA_ALP_SO_ANA_SRV.SEPMRA_C_ALP_CountryVHType"
	},
	"Country": "LT",
	"CountryT": "Lithuania"
}, {
	"__metadata": {
		"id": "https://ldai3uia.wdf.sap.corp:44300/sap/opu/odata/sap/SEPMRA_ALP_SO_ANA_SRV/SEPMRA_C_ALP_CountryVH('LU')",
		"uri": "https://ldai3uia.wdf.sap.corp:44300/sap/opu/odata/sap/SEPMRA_ALP_SO_ANA_SRV/SEPMRA_C_ALP_CountryVH('LU')",
		"type": "SEPMRA_ALP_SO_ANA_SRV.SEPMRA_C_ALP_CountryVHType"
	},
	"Country": "LU",
	"CountryT": "Luxembourg"
}, {
	"__metadata": {
		"id": "https://ldai3uia.wdf.sap.corp:44300/sap/opu/odata/sap/SEPMRA_ALP_SO_ANA_SRV/SEPMRA_C_ALP_CountryVH('LV')",
		"uri": "https://ldai3uia.wdf.sap.corp:44300/sap/opu/odata/sap/SEPMRA_ALP_SO_ANA_SRV/SEPMRA_C_ALP_CountryVH('LV')",
		"type": "SEPMRA_ALP_SO_ANA_SRV.SEPMRA_C_ALP_CountryVHType"
	},
	"Country": "LV",
	"CountryT": "Latvia"
}, {
	"__metadata": {
		"id": "https://ldai3uia.wdf.sap.corp:44300/sap/opu/odata/sap/SEPMRA_ALP_SO_ANA_SRV/SEPMRA_C_ALP_CountryVH('LY')",
		"uri": "https://ldai3uia.wdf.sap.corp:44300/sap/opu/odata/sap/SEPMRA_ALP_SO_ANA_SRV/SEPMRA_C_ALP_CountryVH('LY')",
		"type": "SEPMRA_ALP_SO_ANA_SRV.SEPMRA_C_ALP_CountryVHType"
	},
	"Country": "LY",
	"CountryT": "Libya"
}, {
	"__metadata": {
		"id": "https://ldai3uia.wdf.sap.corp:44300/sap/opu/odata/sap/SEPMRA_ALP_SO_ANA_SRV/SEPMRA_C_ALP_CountryVH('MA')",
		"uri": "https://ldai3uia.wdf.sap.corp:44300/sap/opu/odata/sap/SEPMRA_ALP_SO_ANA_SRV/SEPMRA_C_ALP_CountryVH('MA')",
		"type": "SEPMRA_ALP_SO_ANA_SRV.SEPMRA_C_ALP_CountryVHType"
	},
	"Country": "MA",
	"CountryT": "Morocco"
}, {
	"__metadata": {
		"id": "https://ldai3uia.wdf.sap.corp:44300/sap/opu/odata/sap/SEPMRA_ALP_SO_ANA_SRV/SEPMRA_C_ALP_CountryVH('MD')",
		"uri": "https://ldai3uia.wdf.sap.corp:44300/sap/opu/odata/sap/SEPMRA_ALP_SO_ANA_SRV/SEPMRA_C_ALP_CountryVH('MD')",
		"type": "SEPMRA_ALP_SO_ANA_SRV.SEPMRA_C_ALP_CountryVHType"
	},
	"Country": "MD",
	"CountryT": "Moldova"
}, {
	"__metadata": {
		"id": "https://ldai3uia.wdf.sap.corp:44300/sap/opu/odata/sap/SEPMRA_ALP_SO_ANA_SRV/SEPMRA_C_ALP_CountryVH('MG')",
		"uri": "https://ldai3uia.wdf.sap.corp:44300/sap/opu/odata/sap/SEPMRA_ALP_SO_ANA_SRV/SEPMRA_C_ALP_CountryVH('MG')",
		"type": "SEPMRA_ALP_SO_ANA_SRV.SEPMRA_C_ALP_CountryVHType"
	},
	"Country": "MG",
	"CountryT": "Madagascar"
}, {
	"__metadata": {
		"id": "https://ldai3uia.wdf.sap.corp:44300/sap/opu/odata/sap/SEPMRA_ALP_SO_ANA_SRV/SEPMRA_C_ALP_CountryVH('MH')",
		"uri": "https://ldai3uia.wdf.sap.corp:44300/sap/opu/odata/sap/SEPMRA_ALP_SO_ANA_SRV/SEPMRA_C_ALP_CountryVH('MH')",
		"type": "SEPMRA_ALP_SO_ANA_SRV.SEPMRA_C_ALP_CountryVHType"
	},
	"Country": "MH",
	"CountryT": "Marshall Islands"
}, {
	"__metadata": {
		"id": "https://ldai3uia.wdf.sap.corp:44300/sap/opu/odata/sap/SEPMRA_ALP_SO_ANA_SRV/SEPMRA_C_ALP_CountryVH('ML')",
		"uri": "https://ldai3uia.wdf.sap.corp:44300/sap/opu/odata/sap/SEPMRA_ALP_SO_ANA_SRV/SEPMRA_C_ALP_CountryVH('ML')",
		"type": "SEPMRA_ALP_SO_ANA_SRV.SEPMRA_C_ALP_CountryVHType"
	},
	"Country": "ML",
	"CountryT": "Mali"
}, {
	"__metadata": {
		"id": "https://ldai3uia.wdf.sap.corp:44300/sap/opu/odata/sap/SEPMRA_ALP_SO_ANA_SRV/SEPMRA_C_ALP_CountryVH('MM')",
		"uri": "https://ldai3uia.wdf.sap.corp:44300/sap/opu/odata/sap/SEPMRA_ALP_SO_ANA_SRV/SEPMRA_C_ALP_CountryVH('MM')",
		"type": "SEPMRA_ALP_SO_ANA_SRV.SEPMRA_C_ALP_CountryVHType"
	},
	"Country": "MM",
	"CountryT": "Burma"
}, {
	"__metadata": {
		"id": "https://ldai3uia.wdf.sap.corp:44300/sap/opu/odata/sap/SEPMRA_ALP_SO_ANA_SRV/SEPMRA_C_ALP_CountryVH('MN')",
		"uri": "https://ldai3uia.wdf.sap.corp:44300/sap/opu/odata/sap/SEPMRA_ALP_SO_ANA_SRV/SEPMRA_C_ALP_CountryVH('MN')",
		"type": "SEPMRA_ALP_SO_ANA_SRV.SEPMRA_C_ALP_CountryVHType"
	},
	"Country": "MN",
	"CountryT": "Mongolia"
}, {
	"__metadata": {
		"id": "https://ldai3uia.wdf.sap.corp:44300/sap/opu/odata/sap/SEPMRA_ALP_SO_ANA_SRV/SEPMRA_C_ALP_CountryVH('MO')",
		"uri": "https://ldai3uia.wdf.sap.corp:44300/sap/opu/odata/sap/SEPMRA_ALP_SO_ANA_SRV/SEPMRA_C_ALP_CountryVH('MO')",
		"type": "SEPMRA_ALP_SO_ANA_SRV.SEPMRA_C_ALP_CountryVHType"
	},
	"Country": "MO",
	"CountryT": "Macau"
}, {
	"__metadata": {
		"id": "https://ldai3uia.wdf.sap.corp:44300/sap/opu/odata/sap/SEPMRA_ALP_SO_ANA_SRV/SEPMRA_C_ALP_CountryVH('MP')",
		"uri": "https://ldai3uia.wdf.sap.corp:44300/sap/opu/odata/sap/SEPMRA_ALP_SO_ANA_SRV/SEPMRA_C_ALP_CountryVH('MP')",
		"type": "SEPMRA_ALP_SO_ANA_SRV.SEPMRA_C_ALP_CountryVHType"
	},
	"Country": "MP",
	"CountryT": "North Mariana Islands"
}, {
	"__metadata": {
		"id": "https://ldai3uia.wdf.sap.corp:44300/sap/opu/odata/sap/SEPMRA_ALP_SO_ANA_SRV/SEPMRA_C_ALP_CountryVH('MQ')",
		"uri": "https://ldai3uia.wdf.sap.corp:44300/sap/opu/odata/sap/SEPMRA_ALP_SO_ANA_SRV/SEPMRA_C_ALP_CountryVH('MQ')",
		"type": "SEPMRA_ALP_SO_ANA_SRV.SEPMRA_C_ALP_CountryVHType"
	},
	"Country": "MQ",
	"CountryT": "Martinique"
}, {
	"__metadata": {
		"id": "https://ldai3uia.wdf.sap.corp:44300/sap/opu/odata/sap/SEPMRA_ALP_SO_ANA_SRV/SEPMRA_C_ALP_CountryVH('MR')",
		"uri": "https://ldai3uia.wdf.sap.corp:44300/sap/opu/odata/sap/SEPMRA_ALP_SO_ANA_SRV/SEPMRA_C_ALP_CountryVH('MR')",
		"type": "SEPMRA_ALP_SO_ANA_SRV.SEPMRA_C_ALP_CountryVHType"
	},
	"Country": "MR",
	"CountryT": "Mauritania"
}, {
	"__metadata": {
		"id": "https://ldai3uia.wdf.sap.corp:44300/sap/opu/odata/sap/SEPMRA_ALP_SO_ANA_SRV/SEPMRA_C_ALP_CountryVH('MS')",
		"uri": "https://ldai3uia.wdf.sap.corp:44300/sap/opu/odata/sap/SEPMRA_ALP_SO_ANA_SRV/SEPMRA_C_ALP_CountryVH('MS')",
		"type": "SEPMRA_ALP_SO_ANA_SRV.SEPMRA_C_ALP_CountryVHType"
	},
	"Country": "MS",
	"CountryT": "Montserrat"
}, {
	"__metadata": {
		"id": "https://ldai3uia.wdf.sap.corp:44300/sap/opu/odata/sap/SEPMRA_ALP_SO_ANA_SRV/SEPMRA_C_ALP_CountryVH('MV')",
		"uri": "https://ldai3uia.wdf.sap.corp:44300/sap/opu/odata/sap/SEPMRA_ALP_SO_ANA_SRV/SEPMRA_C_ALP_CountryVH('MV')",
		"type": "SEPMRA_ALP_SO_ANA_SRV.SEPMRA_C_ALP_CountryVHType"
	},
	"Country": "MV",
	"CountryT": "Maldives"
}, {
	"__metadata": {
		"id": "https://ldai3uia.wdf.sap.corp:44300/sap/opu/odata/sap/SEPMRA_ALP_SO_ANA_SRV/SEPMRA_C_ALP_CountryVH('MW')",
		"uri": "https://ldai3uia.wdf.sap.corp:44300/sap/opu/odata/sap/SEPMRA_ALP_SO_ANA_SRV/SEPMRA_C_ALP_CountryVH('MW')",
		"type": "SEPMRA_ALP_SO_ANA_SRV.SEPMRA_C_ALP_CountryVHType"
	},
	"Country": "MW",
	"CountryT": "Malawi"
}, {
	"__metadata": {
		"id": "https://ldai3uia.wdf.sap.corp:44300/sap/opu/odata/sap/SEPMRA_ALP_SO_ANA_SRV/SEPMRA_C_ALP_CountryVH('MX')",
		"uri": "https://ldai3uia.wdf.sap.corp:44300/sap/opu/odata/sap/SEPMRA_ALP_SO_ANA_SRV/SEPMRA_C_ALP_CountryVH('MX')",
		"type": "SEPMRA_ALP_SO_ANA_SRV.SEPMRA_C_ALP_CountryVHType"
	},
	"Country": "MX",
	"CountryT": "Mexico"
}, {
	"__metadata": {
		"id": "https://ldai3uia.wdf.sap.corp:44300/sap/opu/odata/sap/SEPMRA_ALP_SO_ANA_SRV/SEPMRA_C_ALP_CountryVH('MY')",
		"uri": "https://ldai3uia.wdf.sap.corp:44300/sap/opu/odata/sap/SEPMRA_ALP_SO_ANA_SRV/SEPMRA_C_ALP_CountryVH('MY')",
		"type": "SEPMRA_ALP_SO_ANA_SRV.SEPMRA_C_ALP_CountryVHType"
	},
	"Country": "MY",
	"CountryT": "Malaysia"
}, {
	"__metadata": {
		"id": "https://ldai3uia.wdf.sap.corp:44300/sap/opu/odata/sap/SEPMRA_ALP_SO_ANA_SRV/SEPMRA_C_ALP_CountryVH('BE')",
		"uri": "https://ldai3uia.wdf.sap.corp:44300/sap/opu/odata/sap/SEPMRA_ALP_SO_ANA_SRV/SEPMRA_C_ALP_CountryVH('BE')",
		"type": "SEPMRA_ALP_SO_ANA_SRV.SEPMRA_C_ALP_CountryVHType"
	},
	"Country": "BE",
	"CountryT": "Belgium"
}, {
	"__metadata": {
		"id": "https://ldai3uia.wdf.sap.corp:44300/sap/opu/odata/sap/SEPMRA_ALP_SO_ANA_SRV/SEPMRA_C_ALP_CountryVH('NA')",
		"uri": "https://ldai3uia.wdf.sap.corp:44300/sap/opu/odata/sap/SEPMRA_ALP_SO_ANA_SRV/SEPMRA_C_ALP_CountryVH('NA')",
		"type": "SEPMRA_ALP_SO_ANA_SRV.SEPMRA_C_ALP_CountryVHType"
	},
	"Country": "NA",
	"CountryT": "Namibia"
}, {
	"__metadata": {
		"id": "https://ldai3uia.wdf.sap.corp:44300/sap/opu/odata/sap/SEPMRA_ALP_SO_ANA_SRV/SEPMRA_C_ALP_CountryVH('NC')",
		"uri": "https://ldai3uia.wdf.sap.corp:44300/sap/opu/odata/sap/SEPMRA_ALP_SO_ANA_SRV/SEPMRA_C_ALP_CountryVH('NC')",
		"type": "SEPMRA_ALP_SO_ANA_SRV.SEPMRA_C_ALP_CountryVHType"
	},
	"Country": "NC",
	"CountryT": "New Caledonia"
}, {
	"__metadata": {
		"id": "https://ldai3uia.wdf.sap.corp:44300/sap/opu/odata/sap/SEPMRA_ALP_SO_ANA_SRV/SEPMRA_C_ALP_CountryVH('NE')",
		"uri": "https://ldai3uia.wdf.sap.corp:44300/sap/opu/odata/sap/SEPMRA_ALP_SO_ANA_SRV/SEPMRA_C_ALP_CountryVH('NE')",
		"type": "SEPMRA_ALP_SO_ANA_SRV.SEPMRA_C_ALP_CountryVHType"
	},
	"Country": "NE",
	"CountryT": "Niger"
}, {
	"__metadata": {
		"id": "https://ldai3uia.wdf.sap.corp:44300/sap/opu/odata/sap/SEPMRA_ALP_SO_ANA_SRV/SEPMRA_C_ALP_CountryVH('NF')",
		"uri": "https://ldai3uia.wdf.sap.corp:44300/sap/opu/odata/sap/SEPMRA_ALP_SO_ANA_SRV/SEPMRA_C_ALP_CountryVH('NF')",
		"type": "SEPMRA_ALP_SO_ANA_SRV.SEPMRA_C_ALP_CountryVHType"
	},
	"Country": "NF",
	"CountryT": "Norfolk Islands"
}, {
	"__metadata": {
		"id": "https://ldai3uia.wdf.sap.corp:44300/sap/opu/odata/sap/SEPMRA_ALP_SO_ANA_SRV/SEPMRA_C_ALP_CountryVH('NG')",
		"uri": "https://ldai3uia.wdf.sap.corp:44300/sap/opu/odata/sap/SEPMRA_ALP_SO_ANA_SRV/SEPMRA_C_ALP_CountryVH('NG')",
		"type": "SEPMRA_ALP_SO_ANA_SRV.SEPMRA_C_ALP_CountryVHType"
	},
	"Country": "NG",
	"CountryT": "Nigeria"
}, {
	"__metadata": {
		"id": "https://ldai3uia.wdf.sap.corp:44300/sap/opu/odata/sap/SEPMRA_ALP_SO_ANA_SRV/SEPMRA_C_ALP_CountryVH('NL')",
		"uri": "https://ldai3uia.wdf.sap.corp:44300/sap/opu/odata/sap/SEPMRA_ALP_SO_ANA_SRV/SEPMRA_C_ALP_CountryVH('NL')",
		"type": "SEPMRA_ALP_SO_ANA_SRV.SEPMRA_C_ALP_CountryVHType"
	},
	"Country": "NL",
	"CountryT": "Netherlands"
}, {
	"__metadata": {
		"id": "https://ldai3uia.wdf.sap.corp:44300/sap/opu/odata/sap/SEPMRA_ALP_SO_ANA_SRV/SEPMRA_C_ALP_CountryVH('NP')",
		"uri": "https://ldai3uia.wdf.sap.corp:44300/sap/opu/odata/sap/SEPMRA_ALP_SO_ANA_SRV/SEPMRA_C_ALP_CountryVH('NP')",
		"type": "SEPMRA_ALP_SO_ANA_SRV.SEPMRA_C_ALP_CountryVHType"
	},
	"Country": "NP",
	"CountryT": "Nepal"
}, {
	"__metadata": {
		"id": "https://ldai3uia.wdf.sap.corp:44300/sap/opu/odata/sap/SEPMRA_ALP_SO_ANA_SRV/SEPMRA_C_ALP_CountryVH('NR')",
		"uri": "https://ldai3uia.wdf.sap.corp:44300/sap/opu/odata/sap/SEPMRA_ALP_SO_ANA_SRV/SEPMRA_C_ALP_CountryVH('NR')",
		"type": "SEPMRA_ALP_SO_ANA_SRV.SEPMRA_C_ALP_CountryVHType"
	},
	"Country": "NR",
	"CountryT": "Nauru"
}, {
	"__metadata": {
		"id": "https://ldai3uia.wdf.sap.corp:44300/sap/opu/odata/sap/SEPMRA_ALP_SO_ANA_SRV/SEPMRA_C_ALP_CountryVH('NZ')",
		"uri": "https://ldai3uia.wdf.sap.corp:44300/sap/opu/odata/sap/SEPMRA_ALP_SO_ANA_SRV/SEPMRA_C_ALP_CountryVH('NZ')",
		"type": "SEPMRA_ALP_SO_ANA_SRV.SEPMRA_C_ALP_CountryVHType"
	},
	"Country": "NZ",
	"CountryT": "New Zealand"
}, {
	"__metadata": {
		"id": "https://ldai3uia.wdf.sap.corp:44300/sap/opu/odata/sap/SEPMRA_ALP_SO_ANA_SRV/SEPMRA_C_ALP_CountryVH('OM')",
		"uri": "https://ldai3uia.wdf.sap.corp:44300/sap/opu/odata/sap/SEPMRA_ALP_SO_ANA_SRV/SEPMRA_C_ALP_CountryVH('OM')",
		"type": "SEPMRA_ALP_SO_ANA_SRV.SEPMRA_C_ALP_CountryVHType"
	},
	"Country": "OM",
	"CountryT": "Oman"
}, {
	"__metadata": {
		"id": "https://ldai3uia.wdf.sap.corp:44300/sap/opu/odata/sap/SEPMRA_ALP_SO_ANA_SRV/SEPMRA_C_ALP_CountryVH('PE')",
		"uri": "https://ldai3uia.wdf.sap.corp:44300/sap/opu/odata/sap/SEPMRA_ALP_SO_ANA_SRV/SEPMRA_C_ALP_CountryVH('PE')",
		"type": "SEPMRA_ALP_SO_ANA_SRV.SEPMRA_C_ALP_CountryVHType"
	},
	"Country": "PE",
	"CountryT": "Peru"
}, {
	"__metadata": {
		"id": "https://ldai3uia.wdf.sap.corp:44300/sap/opu/odata/sap/SEPMRA_ALP_SO_ANA_SRV/SEPMRA_C_ALP_CountryVH('PF')",
		"uri": "https://ldai3uia.wdf.sap.corp:44300/sap/opu/odata/sap/SEPMRA_ALP_SO_ANA_SRV/SEPMRA_C_ALP_CountryVH('PF')",
		"type": "SEPMRA_ALP_SO_ANA_SRV.SEPMRA_C_ALP_CountryVHType"
	},
	"Country": "PF",
	"CountryT": "French Polynesia"
}, {
	"__metadata": {
		"id": "https://ldai3uia.wdf.sap.corp:44300/sap/opu/odata/sap/SEPMRA_ALP_SO_ANA_SRV/SEPMRA_C_ALP_CountryVH('PG')",
		"uri": "https://ldai3uia.wdf.sap.corp:44300/sap/opu/odata/sap/SEPMRA_ALP_SO_ANA_SRV/SEPMRA_C_ALP_CountryVH('PG')",
		"type": "SEPMRA_ALP_SO_ANA_SRV.SEPMRA_C_ALP_CountryVHType"
	},
	"Country": "PG",
	"CountryT": "Papua New Guinea"
}, {
	"__metadata": {
		"id": "https://ldai3uia.wdf.sap.corp:44300/sap/opu/odata/sap/SEPMRA_ALP_SO_ANA_SRV/SEPMRA_C_ALP_CountryVH('PH')",
		"uri": "https://ldai3uia.wdf.sap.corp:44300/sap/opu/odata/sap/SEPMRA_ALP_SO_ANA_SRV/SEPMRA_C_ALP_CountryVH('PH')",
		"type": "SEPMRA_ALP_SO_ANA_SRV.SEPMRA_C_ALP_CountryVHType"
	},
	"Country": "PH",
	"CountryT": "Philippines"
}, {
	"__metadata": {
		"id": "https://ldai3uia.wdf.sap.corp:44300/sap/opu/odata/sap/SEPMRA_ALP_SO_ANA_SRV/SEPMRA_C_ALP_CountryVH('PK')",
		"uri": "https://ldai3uia.wdf.sap.corp:44300/sap/opu/odata/sap/SEPMRA_ALP_SO_ANA_SRV/SEPMRA_C_ALP_CountryVH('PK')",
		"type": "SEPMRA_ALP_SO_ANA_SRV.SEPMRA_C_ALP_CountryVHType"
	},
	"Country": "PK",
	"CountryT": "Pakistan"
}, {
	"__metadata": {
		"id": "https://ldai3uia.wdf.sap.corp:44300/sap/opu/odata/sap/SEPMRA_ALP_SO_ANA_SRV/SEPMRA_C_ALP_CountryVH('PL')",
		"uri": "https://ldai3uia.wdf.sap.corp:44300/sap/opu/odata/sap/SEPMRA_ALP_SO_ANA_SRV/SEPMRA_C_ALP_CountryVH('PL')",
		"type": "SEPMRA_ALP_SO_ANA_SRV.SEPMRA_C_ALP_CountryVHType"
	},
	"Country": "PL",
	"CountryT": "Poland"
}, {
	"__metadata": {
		"id": "https://ldai3uia.wdf.sap.corp:44300/sap/opu/odata/sap/SEPMRA_ALP_SO_ANA_SRV/SEPMRA_C_ALP_CountryVH('PM')",
		"uri": "https://ldai3uia.wdf.sap.corp:44300/sap/opu/odata/sap/SEPMRA_ALP_SO_ANA_SRV/SEPMRA_C_ALP_CountryVH('PM')",
		"type": "SEPMRA_ALP_SO_ANA_SRV.SEPMRA_C_ALP_CountryVHType"
	},
	"Country": "PM",
	"CountryT": "St. Pierre and Miquelon"
}, {
	"__metadata": {
		"id": "https://ldai3uia.wdf.sap.corp:44300/sap/opu/odata/sap/SEPMRA_ALP_SO_ANA_SRV/SEPMRA_C_ALP_CountryVH('PN')",
		"uri": "https://ldai3uia.wdf.sap.corp:44300/sap/opu/odata/sap/SEPMRA_ALP_SO_ANA_SRV/SEPMRA_C_ALP_CountryVH('PN')",
		"type": "SEPMRA_ALP_SO_ANA_SRV.SEPMRA_C_ALP_CountryVHType"
	},
	"Country": "PN",
	"CountryT": "Pitcairn Islands"
}, {
	"__metadata": {
		"id": "https://ldai3uia.wdf.sap.corp:44300/sap/opu/odata/sap/SEPMRA_ALP_SO_ANA_SRV/SEPMRA_C_ALP_CountryVH('PR')",
		"uri": "https://ldai3uia.wdf.sap.corp:44300/sap/opu/odata/sap/SEPMRA_ALP_SO_ANA_SRV/SEPMRA_C_ALP_CountryVH('PR')",
		"type": "SEPMRA_ALP_SO_ANA_SRV.SEPMRA_C_ALP_CountryVHType"
	},
	"Country": "PR",
	"CountryT": "Puerto Rico"
}, {
	"__metadata": {
		"id": "https://ldai3uia.wdf.sap.corp:44300/sap/opu/odata/sap/SEPMRA_ALP_SO_ANA_SRV/SEPMRA_C_ALP_CountryVH('PS')",
		"uri": "https://ldai3uia.wdf.sap.corp:44300/sap/opu/odata/sap/SEPMRA_ALP_SO_ANA_SRV/SEPMRA_C_ALP_CountryVH('PS')",
		"type": "SEPMRA_ALP_SO_ANA_SRV.SEPMRA_C_ALP_CountryVHType"
	},
	"Country": "PS",
	"CountryT": "Palestine"
}, {
	"__metadata": {
		"id": "https://ldai3uia.wdf.sap.corp:44300/sap/opu/odata/sap/SEPMRA_ALP_SO_ANA_SRV/SEPMRA_C_ALP_CountryVH('PW')",
		"uri": "https://ldai3uia.wdf.sap.corp:44300/sap/opu/odata/sap/SEPMRA_ALP_SO_ANA_SRV/SEPMRA_C_ALP_CountryVH('PW')",
		"type": "SEPMRA_ALP_SO_ANA_SRV.SEPMRA_C_ALP_CountryVHType"
	},
	"Country": "PW",
	"CountryT": "Palau"
}, {
	"__metadata": {
		"id": "https://ldai3uia.wdf.sap.corp:44300/sap/opu/odata/sap/SEPMRA_ALP_SO_ANA_SRV/SEPMRA_C_ALP_CountryVH('PY')",
		"uri": "https://ldai3uia.wdf.sap.corp:44300/sap/opu/odata/sap/SEPMRA_ALP_SO_ANA_SRV/SEPMRA_C_ALP_CountryVH('PY')",
		"type": "SEPMRA_ALP_SO_ANA_SRV.SEPMRA_C_ALP_CountryVHType"
	},
	"Country": "PY",
	"CountryT": "Paraguay"
}, {
	"__metadata": {
		"id": "https://ldai3uia.wdf.sap.corp:44300/sap/opu/odata/sap/SEPMRA_ALP_SO_ANA_SRV/SEPMRA_C_ALP_CountryVH('QA')",
		"uri": "https://ldai3uia.wdf.sap.corp:44300/sap/opu/odata/sap/SEPMRA_ALP_SO_ANA_SRV/SEPMRA_C_ALP_CountryVH('QA')",
		"type": "SEPMRA_ALP_SO_ANA_SRV.SEPMRA_C_ALP_CountryVHType"
	},
	"Country": "QA",
	"CountryT": "Qatar"
}, {
	"__metadata": {
		"id": "https://ldai3uia.wdf.sap.corp:44300/sap/opu/odata/sap/SEPMRA_ALP_SO_ANA_SRV/SEPMRA_C_ALP_CountryVH('RE')",
		"uri": "https://ldai3uia.wdf.sap.corp:44300/sap/opu/odata/sap/SEPMRA_ALP_SO_ANA_SRV/SEPMRA_C_ALP_CountryVH('RE')",
		"type": "SEPMRA_ALP_SO_ANA_SRV.SEPMRA_C_ALP_CountryVHType"
	},
	"Country": "RE",
	"CountryT": "Reunion"
}, {
	"__metadata": {
		"id": "https://ldai3uia.wdf.sap.corp:44300/sap/opu/odata/sap/SEPMRA_ALP_SO_ANA_SRV/SEPMRA_C_ALP_CountryVH('RU')",
		"uri": "https://ldai3uia.wdf.sap.corp:44300/sap/opu/odata/sap/SEPMRA_ALP_SO_ANA_SRV/SEPMRA_C_ALP_CountryVH('RU')",
		"type": "SEPMRA_ALP_SO_ANA_SRV.SEPMRA_C_ALP_CountryVHType"
	},
	"Country": "RU",
	"CountryT": "Russian Federation"
}, {
	"__metadata": {
		"id": "https://ldai3uia.wdf.sap.corp:44300/sap/opu/odata/sap/SEPMRA_ALP_SO_ANA_SRV/SEPMRA_C_ALP_CountryVH('RW')",
		"uri": "https://ldai3uia.wdf.sap.corp:44300/sap/opu/odata/sap/SEPMRA_ALP_SO_ANA_SRV/SEPMRA_C_ALP_CountryVH('RW')",
		"type": "SEPMRA_ALP_SO_ANA_SRV.SEPMRA_C_ALP_CountryVHType"
	},
	"Country": "RW",
	"CountryT": "Rwanda"
}, {
	"__metadata": {
		"id": "https://ldai3uia.wdf.sap.corp:44300/sap/opu/odata/sap/SEPMRA_ALP_SO_ANA_SRV/SEPMRA_C_ALP_CountryVH('SB')",
		"uri": "https://ldai3uia.wdf.sap.corp:44300/sap/opu/odata/sap/SEPMRA_ALP_SO_ANA_SRV/SEPMRA_C_ALP_CountryVH('SB')",
		"type": "SEPMRA_ALP_SO_ANA_SRV.SEPMRA_C_ALP_CountryVHType"
	},
	"Country": "SB",
	"CountryT": "Solomon Islands"
}, {
	"__metadata": {
		"id": "https://ldai3uia.wdf.sap.corp:44300/sap/opu/odata/sap/SEPMRA_ALP_SO_ANA_SRV/SEPMRA_C_ALP_CountryVH('SC')",
		"uri": "https://ldai3uia.wdf.sap.corp:44300/sap/opu/odata/sap/SEPMRA_ALP_SO_ANA_SRV/SEPMRA_C_ALP_CountryVH('SC')",
		"type": "SEPMRA_ALP_SO_ANA_SRV.SEPMRA_C_ALP_CountryVHType"
	},
	"Country": "SC",
	"CountryT": "Seychelles"
}, {
	"__metadata": {
		"id": "https://ldai3uia.wdf.sap.corp:44300/sap/opu/odata/sap/SEPMRA_ALP_SO_ANA_SRV/SEPMRA_C_ALP_CountryVH('SD')",
		"uri": "https://ldai3uia.wdf.sap.corp:44300/sap/opu/odata/sap/SEPMRA_ALP_SO_ANA_SRV/SEPMRA_C_ALP_CountryVH('SD')",
		"type": "SEPMRA_ALP_SO_ANA_SRV.SEPMRA_C_ALP_CountryVHType"
	},
	"Country": "SD",
	"CountryT": "Sudan"
}, {
	"__metadata": {
		"id": "https://ldai3uia.wdf.sap.corp:44300/sap/opu/odata/sap/SEPMRA_ALP_SO_ANA_SRV/SEPMRA_C_ALP_CountryVH('SE')",
		"uri": "https://ldai3uia.wdf.sap.corp:44300/sap/opu/odata/sap/SEPMRA_ALP_SO_ANA_SRV/SEPMRA_C_ALP_CountryVH('SE')",
		"type": "SEPMRA_ALP_SO_ANA_SRV.SEPMRA_C_ALP_CountryVHType"
	},
	"Country": "SE",
	"CountryT": "Sweden"
}, {
	"__metadata": {
		"id": "https://ldai3uia.wdf.sap.corp:44300/sap/opu/odata/sap/SEPMRA_ALP_SO_ANA_SRV/SEPMRA_C_ALP_CountryVH('SG')",
		"uri": "https://ldai3uia.wdf.sap.corp:44300/sap/opu/odata/sap/SEPMRA_ALP_SO_ANA_SRV/SEPMRA_C_ALP_CountryVH('SG')",
		"type": "SEPMRA_ALP_SO_ANA_SRV.SEPMRA_C_ALP_CountryVHType"
	},
	"Country": "SG",
	"CountryT": "Singapore"
}, {
	"__metadata": {
		"id": "https://ldai3uia.wdf.sap.corp:44300/sap/opu/odata/sap/SEPMRA_ALP_SO_ANA_SRV/SEPMRA_C_ALP_CountryVH('SH')",
		"uri": "https://ldai3uia.wdf.sap.corp:44300/sap/opu/odata/sap/SEPMRA_ALP_SO_ANA_SRV/SEPMRA_C_ALP_CountryVH('SH')",
		"type": "SEPMRA_ALP_SO_ANA_SRV.SEPMRA_C_ALP_CountryVHType"
	},
	"Country": "SH",
	"CountryT": "Saint Helena"
}, {
	"__metadata": {
		"id": "https://ldai3uia.wdf.sap.corp:44300/sap/opu/odata/sap/SEPMRA_ALP_SO_ANA_SRV/SEPMRA_C_ALP_CountryVH('SI')",
		"uri": "https://ldai3uia.wdf.sap.corp:44300/sap/opu/odata/sap/SEPMRA_ALP_SO_ANA_SRV/SEPMRA_C_ALP_CountryVH('SI')",
		"type": "SEPMRA_ALP_SO_ANA_SRV.SEPMRA_C_ALP_CountryVHType"
	},
	"Country": "SI",
	"CountryT": "Slovenia"
}, {
	"__metadata": {
		"id": "https://ldai3uia.wdf.sap.corp:44300/sap/opu/odata/sap/SEPMRA_ALP_SO_ANA_SRV/SEPMRA_C_ALP_CountryVH('SJ')",
		"uri": "https://ldai3uia.wdf.sap.corp:44300/sap/opu/odata/sap/SEPMRA_ALP_SO_ANA_SRV/SEPMRA_C_ALP_CountryVH('SJ')",
		"type": "SEPMRA_ALP_SO_ANA_SRV.SEPMRA_C_ALP_CountryVHType"
	},
	"Country": "SJ",
	"CountryT": "Svalbard"
}, {
	"__metadata": {
		"id": "https://ldai3uia.wdf.sap.corp:44300/sap/opu/odata/sap/SEPMRA_ALP_SO_ANA_SRV/SEPMRA_C_ALP_CountryVH('SL')",
		"uri": "https://ldai3uia.wdf.sap.corp:44300/sap/opu/odata/sap/SEPMRA_ALP_SO_ANA_SRV/SEPMRA_C_ALP_CountryVH('SL')",
		"type": "SEPMRA_ALP_SO_ANA_SRV.SEPMRA_C_ALP_CountryVHType"
	},
	"Country": "SL",
	"CountryT": "Sierra Leone"
}, {
	"__metadata": {
		"id": "https://ldai3uia.wdf.sap.corp:44300/sap/opu/odata/sap/SEPMRA_ALP_SO_ANA_SRV/SEPMRA_C_ALP_CountryVH('SN')",
		"uri": "https://ldai3uia.wdf.sap.corp:44300/sap/opu/odata/sap/SEPMRA_ALP_SO_ANA_SRV/SEPMRA_C_ALP_CountryVH('SN')",
		"type": "SEPMRA_ALP_SO_ANA_SRV.SEPMRA_C_ALP_CountryVHType"
	},
	"Country": "SN",
	"CountryT": "Senegal"
}, {
	"__metadata": {
		"id": "https://ldai3uia.wdf.sap.corp:44300/sap/opu/odata/sap/SEPMRA_ALP_SO_ANA_SRV/SEPMRA_C_ALP_CountryVH('SR')",
		"uri": "https://ldai3uia.wdf.sap.corp:44300/sap/opu/odata/sap/SEPMRA_ALP_SO_ANA_SRV/SEPMRA_C_ALP_CountryVH('SR')",
		"type": "SEPMRA_ALP_SO_ANA_SRV.SEPMRA_C_ALP_CountryVHType"
	},
	"Country": "SR",
	"CountryT": "Suriname"
}, {
	"__metadata": {
		"id": "https://ldai3uia.wdf.sap.corp:44300/sap/opu/odata/sap/SEPMRA_ALP_SO_ANA_SRV/SEPMRA_C_ALP_CountryVH('ST')",
		"uri": "https://ldai3uia.wdf.sap.corp:44300/sap/opu/odata/sap/SEPMRA_ALP_SO_ANA_SRV/SEPMRA_C_ALP_CountryVH('ST')",
		"type": "SEPMRA_ALP_SO_ANA_SRV.SEPMRA_C_ALP_CountryVHType"
	},
	"Country": "ST",
	"CountryT": "Sao Tome and Principe"
}, {
	"__metadata": {
		"id": "https://ldai3uia.wdf.sap.corp:44300/sap/opu/odata/sap/SEPMRA_ALP_SO_ANA_SRV/SEPMRA_C_ALP_CountryVH('SV')",
		"uri": "https://ldai3uia.wdf.sap.corp:44300/sap/opu/odata/sap/SEPMRA_ALP_SO_ANA_SRV/SEPMRA_C_ALP_CountryVH('SV')",
		"type": "SEPMRA_ALP_SO_ANA_SRV.SEPMRA_C_ALP_CountryVHType"
	},
	"Country": "SV",
	"CountryT": "El Salvador"
}, {
	"__metadata": {
		"id": "https://ldai3uia.wdf.sap.corp:44300/sap/opu/odata/sap/SEPMRA_ALP_SO_ANA_SRV/SEPMRA_C_ALP_CountryVH('SY')",
		"uri": "https://ldai3uia.wdf.sap.corp:44300/sap/opu/odata/sap/SEPMRA_ALP_SO_ANA_SRV/SEPMRA_C_ALP_CountryVH('SY')",
		"type": "SEPMRA_ALP_SO_ANA_SRV.SEPMRA_C_ALP_CountryVHType"
	},
	"Country": "SY",
	"CountryT": "Syria"
}, {
	"__metadata": {
		"id": "https://ldai3uia.wdf.sap.corp:44300/sap/opu/odata/sap/SEPMRA_ALP_SO_ANA_SRV/SEPMRA_C_ALP_CountryVH('TC')",
		"uri": "https://ldai3uia.wdf.sap.corp:44300/sap/opu/odata/sap/SEPMRA_ALP_SO_ANA_SRV/SEPMRA_C_ALP_CountryVH('TC')",
		"type": "SEPMRA_ALP_SO_ANA_SRV.SEPMRA_C_ALP_CountryVHType"
	},
	"Country": "TC",
	"CountryT": "Turks and Caicos Islands"
}, {
	"__metadata": {
		"id": "https://ldai3uia.wdf.sap.corp:44300/sap/opu/odata/sap/SEPMRA_ALP_SO_ANA_SRV/SEPMRA_C_ALP_CountryVH('TD')",
		"uri": "https://ldai3uia.wdf.sap.corp:44300/sap/opu/odata/sap/SEPMRA_ALP_SO_ANA_SRV/SEPMRA_C_ALP_CountryVH('TD')",
		"type": "SEPMRA_ALP_SO_ANA_SRV.SEPMRA_C_ALP_CountryVHType"
	},
	"Country": "TD",
	"CountryT": "Chad"
}, {
	"__metadata": {
		"id": "https://ldai3uia.wdf.sap.corp:44300/sap/opu/odata/sap/SEPMRA_ALP_SO_ANA_SRV/SEPMRA_C_ALP_CountryVH('TF')",
		"uri": "https://ldai3uia.wdf.sap.corp:44300/sap/opu/odata/sap/SEPMRA_ALP_SO_ANA_SRV/SEPMRA_C_ALP_CountryVH('TF')",
		"type": "SEPMRA_ALP_SO_ANA_SRV.SEPMRA_C_ALP_CountryVHType"
	},
	"Country": "TF",
	"CountryT": "French Southern and Antarctic Lands"
}, {
	"__metadata": {
		"id": "https://ldai3uia.wdf.sap.corp:44300/sap/opu/odata/sap/SEPMRA_ALP_SO_ANA_SRV/SEPMRA_C_ALP_CountryVH('TG')",
		"uri": "https://ldai3uia.wdf.sap.corp:44300/sap/opu/odata/sap/SEPMRA_ALP_SO_ANA_SRV/SEPMRA_C_ALP_CountryVH('TG')",
		"type": "SEPMRA_ALP_SO_ANA_SRV.SEPMRA_C_ALP_CountryVHType"
	},
	"Country": "TG",
	"CountryT": "Togo"
}, {
	"__metadata": {
		"id": "https://ldai3uia.wdf.sap.corp:44300/sap/opu/odata/sap/SEPMRA_ALP_SO_ANA_SRV/SEPMRA_C_ALP_CountryVH('TH')",
		"uri": "https://ldai3uia.wdf.sap.corp:44300/sap/opu/odata/sap/SEPMRA_ALP_SO_ANA_SRV/SEPMRA_C_ALP_CountryVH('TH')",
		"type": "SEPMRA_ALP_SO_ANA_SRV.SEPMRA_C_ALP_CountryVHType"
	},
	"Country": "TH",
	"CountryT": "Thailand"
}, {
	"__metadata": {
		"id": "https://ldai3uia.wdf.sap.corp:44300/sap/opu/odata/sap/SEPMRA_ALP_SO_ANA_SRV/SEPMRA_C_ALP_CountryVH('TJ')",
		"uri": "https://ldai3uia.wdf.sap.corp:44300/sap/opu/odata/sap/SEPMRA_ALP_SO_ANA_SRV/SEPMRA_C_ALP_CountryVH('TJ')",
		"type": "SEPMRA_ALP_SO_ANA_SRV.SEPMRA_C_ALP_CountryVHType"
	},
	"Country": "TJ",
	"CountryT": "Tajikistan"
}, {
	"__metadata": {
		"id": "https://ldai3uia.wdf.sap.corp:44300/sap/opu/odata/sap/SEPMRA_ALP_SO_ANA_SRV/SEPMRA_C_ALP_CountryVH('TK')",
		"uri": "https://ldai3uia.wdf.sap.corp:44300/sap/opu/odata/sap/SEPMRA_ALP_SO_ANA_SRV/SEPMRA_C_ALP_CountryVH('TK')",
		"type": "SEPMRA_ALP_SO_ANA_SRV.SEPMRA_C_ALP_CountryVHType"
	},
	"Country": "TK",
	"CountryT": "Tokelau"
}, {
	"__metadata": {
		"id": "https://ldai3uia.wdf.sap.corp:44300/sap/opu/odata/sap/SEPMRA_ALP_SO_ANA_SRV/SEPMRA_C_ALP_CountryVH('TL')",
		"uri": "https://ldai3uia.wdf.sap.corp:44300/sap/opu/odata/sap/SEPMRA_ALP_SO_ANA_SRV/SEPMRA_C_ALP_CountryVH('TL')",
		"type": "SEPMRA_ALP_SO_ANA_SRV.SEPMRA_C_ALP_CountryVHType"
	},
	"Country": "TL",
	"CountryT": "East Timor"
}, {
	"__metadata": {
		"id": "https://ldai3uia.wdf.sap.corp:44300/sap/opu/odata/sap/SEPMRA_ALP_SO_ANA_SRV/SEPMRA_C_ALP_CountryVH('TM')",
		"uri": "https://ldai3uia.wdf.sap.corp:44300/sap/opu/odata/sap/SEPMRA_ALP_SO_ANA_SRV/SEPMRA_C_ALP_CountryVH('TM')",
		"type": "SEPMRA_ALP_SO_ANA_SRV.SEPMRA_C_ALP_CountryVHType"
	},
	"Country": "TM",
	"CountryT": "Turkmenistan"
}, {
	"__metadata": {
		"id": "https://ldai3uia.wdf.sap.corp:44300/sap/opu/odata/sap/SEPMRA_ALP_SO_ANA_SRV/SEPMRA_C_ALP_CountryVH('TN')",
		"uri": "https://ldai3uia.wdf.sap.corp:44300/sap/opu/odata/sap/SEPMRA_ALP_SO_ANA_SRV/SEPMRA_C_ALP_CountryVH('TN')",
		"type": "SEPMRA_ALP_SO_ANA_SRV.SEPMRA_C_ALP_CountryVHType"
	},
	"Country": "TN",
	"CountryT": "Tunisia"
}, {
	"__metadata": {
		"id": "https://ldai3uia.wdf.sap.corp:44300/sap/opu/odata/sap/SEPMRA_ALP_SO_ANA_SRV/SEPMRA_C_ALP_CountryVH('TO')",
		"uri": "https://ldai3uia.wdf.sap.corp:44300/sap/opu/odata/sap/SEPMRA_ALP_SO_ANA_SRV/SEPMRA_C_ALP_CountryVH('TO')",
		"type": "SEPMRA_ALP_SO_ANA_SRV.SEPMRA_C_ALP_CountryVHType"
	},
	"Country": "TO",
	"CountryT": "Tonga"
}, {
	"__metadata": {
		"id": "https://ldai3uia.wdf.sap.corp:44300/sap/opu/odata/sap/SEPMRA_ALP_SO_ANA_SRV/SEPMRA_C_ALP_CountryVH('TP')",
		"uri": "https://ldai3uia.wdf.sap.corp:44300/sap/opu/odata/sap/SEPMRA_ALP_SO_ANA_SRV/SEPMRA_C_ALP_CountryVH('TP')",
		"type": "SEPMRA_ALP_SO_ANA_SRV.SEPMRA_C_ALP_CountryVHType"
	},
	"Country": "TP",
	"CountryT": "East Timor"
}, {
	"__metadata": {
		"id": "https://ldai3uia.wdf.sap.corp:44300/sap/opu/odata/sap/SEPMRA_ALP_SO_ANA_SRV/SEPMRA_C_ALP_CountryVH('TT')",
		"uri": "https://ldai3uia.wdf.sap.corp:44300/sap/opu/odata/sap/SEPMRA_ALP_SO_ANA_SRV/SEPMRA_C_ALP_CountryVH('TT')",
		"type": "SEPMRA_ALP_SO_ANA_SRV.SEPMRA_C_ALP_CountryVHType"
	},
	"Country": "TT",
	"CountryT": "Trinidad and Tobago"
}, {
	"__metadata": {
		"id": "https://ldai3uia.wdf.sap.corp:44300/sap/opu/odata/sap/SEPMRA_ALP_SO_ANA_SRV/SEPMRA_C_ALP_CountryVH('TV')",
		"uri": "https://ldai3uia.wdf.sap.corp:44300/sap/opu/odata/sap/SEPMRA_ALP_SO_ANA_SRV/SEPMRA_C_ALP_CountryVH('TV')",
		"type": "SEPMRA_ALP_SO_ANA_SRV.SEPMRA_C_ALP_CountryVHType"
	},
	"Country": "TV",
	"CountryT": "Tuvalu"
}, {
	"__metadata": {
		"id": "https://ldai3uia.wdf.sap.corp:44300/sap/opu/odata/sap/SEPMRA_ALP_SO_ANA_SRV/SEPMRA_C_ALP_CountryVH('TZ')",
		"uri": "https://ldai3uia.wdf.sap.corp:44300/sap/opu/odata/sap/SEPMRA_ALP_SO_ANA_SRV/SEPMRA_C_ALP_CountryVH('TZ')",
		"type": "SEPMRA_ALP_SO_ANA_SRV.SEPMRA_C_ALP_CountryVHType"
	},
	"Country": "TZ",
	"CountryT": "Tanzania"
}, {
	"__metadata": {
		"id": "https://ldai3uia.wdf.sap.corp:44300/sap/opu/odata/sap/SEPMRA_ALP_SO_ANA_SRV/SEPMRA_C_ALP_CountryVH('UA')",
		"uri": "https://ldai3uia.wdf.sap.corp:44300/sap/opu/odata/sap/SEPMRA_ALP_SO_ANA_SRV/SEPMRA_C_ALP_CountryVH('UA')",
		"type": "SEPMRA_ALP_SO_ANA_SRV.SEPMRA_C_ALP_CountryVHType"
	},
	"Country": "UA",
	"CountryT": "Ukraine"
}, {
	"__metadata": {
		"id": "https://ldai3uia.wdf.sap.corp:44300/sap/opu/odata/sap/SEPMRA_ALP_SO_ANA_SRV/SEPMRA_C_ALP_CountryVH('UG')",
		"uri": "https://ldai3uia.wdf.sap.corp:44300/sap/opu/odata/sap/SEPMRA_ALP_SO_ANA_SRV/SEPMRA_C_ALP_CountryVH('UG')",
		"type": "SEPMRA_ALP_SO_ANA_SRV.SEPMRA_C_ALP_CountryVHType"
	},
	"Country": "UG",
	"CountryT": "Uganda"
}, {
	"__metadata": {
		"id": "https://ldai3uia.wdf.sap.corp:44300/sap/opu/odata/sap/SEPMRA_ALP_SO_ANA_SRV/SEPMRA_C_ALP_CountryVH('UM')",
		"uri": "https://ldai3uia.wdf.sap.corp:44300/sap/opu/odata/sap/SEPMRA_ALP_SO_ANA_SRV/SEPMRA_C_ALP_CountryVH('UM')",
		"type": "SEPMRA_ALP_SO_ANA_SRV.SEPMRA_C_ALP_CountryVHType"
	},
	"Country": "UM",
	"CountryT": "United States Minor Outlying Islands"
}, {
	"__metadata": {
		"id": "https://ldai3uia.wdf.sap.corp:44300/sap/opu/odata/sap/SEPMRA_ALP_SO_ANA_SRV/SEPMRA_C_ALP_CountryVH('US')",
		"uri": "https://ldai3uia.wdf.sap.corp:44300/sap/opu/odata/sap/SEPMRA_ALP_SO_ANA_SRV/SEPMRA_C_ALP_CountryVH('US')",
		"type": "SEPMRA_ALP_SO_ANA_SRV.SEPMRA_C_ALP_CountryVHType"
	},
	"Country": "US",
	"CountryT": "USA"
}, {
	"__metadata": {
		"id": "https://ldai3uia.wdf.sap.corp:44300/sap/opu/odata/sap/SEPMRA_ALP_SO_ANA_SRV/SEPMRA_C_ALP_CountryVH('UY')",
		"uri": "https://ldai3uia.wdf.sap.corp:44300/sap/opu/odata/sap/SEPMRA_ALP_SO_ANA_SRV/SEPMRA_C_ALP_CountryVH('UY')",
		"type": "SEPMRA_ALP_SO_ANA_SRV.SEPMRA_C_ALP_CountryVHType"
	},
	"Country": "UY",
	"CountryT": "Uruguay"
}, {
	"__metadata": {
		"id": "https://ldai3uia.wdf.sap.corp:44300/sap/opu/odata/sap/SEPMRA_ALP_SO_ANA_SRV/SEPMRA_C_ALP_CountryVH('UZ')",
		"uri": "https://ldai3uia.wdf.sap.corp:44300/sap/opu/odata/sap/SEPMRA_ALP_SO_ANA_SRV/SEPMRA_C_ALP_CountryVH('UZ')",
		"type": "SEPMRA_ALP_SO_ANA_SRV.SEPMRA_C_ALP_CountryVHType"
	},
	"Country": "UZ",
	"CountryT": "Uzbekistan"
}, {
	"__metadata": {
		"id": "https://ldai3uia.wdf.sap.corp:44300/sap/opu/odata/sap/SEPMRA_ALP_SO_ANA_SRV/SEPMRA_C_ALP_CountryVH('VC')",
		"uri": "https://ldai3uia.wdf.sap.corp:44300/sap/opu/odata/sap/SEPMRA_ALP_SO_ANA_SRV/SEPMRA_C_ALP_CountryVH('VC')",
		"type": "SEPMRA_ALP_SO_ANA_SRV.SEPMRA_C_ALP_CountryVHType"
	},
	"Country": "VC",
	"CountryT": "St. Vincent and the Grenadines"
}, {
	"__metadata": {
		"id": "https://ldai3uia.wdf.sap.corp:44300/sap/opu/odata/sap/SEPMRA_ALP_SO_ANA_SRV/SEPMRA_C_ALP_CountryVH('VE')",
		"uri": "https://ldai3uia.wdf.sap.corp:44300/sap/opu/odata/sap/SEPMRA_ALP_SO_ANA_SRV/SEPMRA_C_ALP_CountryVH('VE')",
		"type": "SEPMRA_ALP_SO_ANA_SRV.SEPMRA_C_ALP_CountryVHType"
	},
	"Country": "VE",
	"CountryT": "Venezuela"
}, {
	"__metadata": {
		"id": "https://ldai3uia.wdf.sap.corp:44300/sap/opu/odata/sap/SEPMRA_ALP_SO_ANA_SRV/SEPMRA_C_ALP_CountryVH('VG')",
		"uri": "https://ldai3uia.wdf.sap.corp:44300/sap/opu/odata/sap/SEPMRA_ALP_SO_ANA_SRV/SEPMRA_C_ALP_CountryVH('VG')",
		"type": "SEPMRA_ALP_SO_ANA_SRV.SEPMRA_C_ALP_CountryVHType"
	},
	"Country": "VG",
	"CountryT": "British Virgin Islands"
}, {
	"__metadata": {
		"id": "https://ldai3uia.wdf.sap.corp:44300/sap/opu/odata/sap/SEPMRA_ALP_SO_ANA_SRV/SEPMRA_C_ALP_CountryVH('VI')",
		"uri": "https://ldai3uia.wdf.sap.corp:44300/sap/opu/odata/sap/SEPMRA_ALP_SO_ANA_SRV/SEPMRA_C_ALP_CountryVH('VI')",
		"type": "SEPMRA_ALP_SO_ANA_SRV.SEPMRA_C_ALP_CountryVHType"
	},
	"Country": "VI",
	"CountryT": "United States Virgin Islands"
}, {
	"__metadata": {
		"id": "https://ldai3uia.wdf.sap.corp:44300/sap/opu/odata/sap/SEPMRA_ALP_SO_ANA_SRV/SEPMRA_C_ALP_CountryVH('VU')",
		"uri": "https://ldai3uia.wdf.sap.corp:44300/sap/opu/odata/sap/SEPMRA_ALP_SO_ANA_SRV/SEPMRA_C_ALP_CountryVH('VU')",
		"type": "SEPMRA_ALP_SO_ANA_SRV.SEPMRA_C_ALP_CountryVHType"
	},
	"Country": "VU",
	"CountryT": "Vanuatu"
}, {
	"__metadata": {
		"id": "https://ldai3uia.wdf.sap.corp:44300/sap/opu/odata/sap/SEPMRA_ALP_SO_ANA_SRV/SEPMRA_C_ALP_CountryVH('WF')",
		"uri": "https://ldai3uia.wdf.sap.corp:44300/sap/opu/odata/sap/SEPMRA_ALP_SO_ANA_SRV/SEPMRA_C_ALP_CountryVH('WF')",
		"type": "SEPMRA_ALP_SO_ANA_SRV.SEPMRA_C_ALP_CountryVHType"
	},
	"Country": "WF",
	"CountryT": "Wallis and Futuna Islands"
}, {
	"__metadata": {
		"id": "https://ldai3uia.wdf.sap.corp:44300/sap/opu/odata/sap/SEPMRA_ALP_SO_ANA_SRV/SEPMRA_C_ALP_CountryVH('WS')",
		"uri": "https://ldai3uia.wdf.sap.corp:44300/sap/opu/odata/sap/SEPMRA_ALP_SO_ANA_SRV/SEPMRA_C_ALP_CountryVH('WS')",
		"type": "SEPMRA_ALP_SO_ANA_SRV.SEPMRA_C_ALP_CountryVHType"
	},
	"Country": "WS",
	"CountryT": "Samoa"
}, {
	"__metadata": {
		"id": "https://ldai3uia.wdf.sap.corp:44300/sap/opu/odata/sap/SEPMRA_ALP_SO_ANA_SRV/SEPMRA_C_ALP_CountryVH('YE')",
		"uri": "https://ldai3uia.wdf.sap.corp:44300/sap/opu/odata/sap/SEPMRA_ALP_SO_ANA_SRV/SEPMRA_C_ALP_CountryVH('YE')",
		"type": "SEPMRA_ALP_SO_ANA_SRV.SEPMRA_C_ALP_CountryVHType"
	},
	"Country": "YE",
	"CountryT": "Yemen"
}, {
	"__metadata": {
		"id": "https://ldai3uia.wdf.sap.corp:44300/sap/opu/odata/sap/SEPMRA_ALP_SO_ANA_SRV/SEPMRA_C_ALP_CountryVH('YT')",
		"uri": "https://ldai3uia.wdf.sap.corp:44300/sap/opu/odata/sap/SEPMRA_ALP_SO_ANA_SRV/SEPMRA_C_ALP_CountryVH('YT')",
		"type": "SEPMRA_ALP_SO_ANA_SRV.SEPMRA_C_ALP_CountryVHType"
	},
	"Country": "YT",
	"CountryT": "Mayotte"
}, {
	"__metadata": {
		"id": "https://ldai3uia.wdf.sap.corp:44300/sap/opu/odata/sap/SEPMRA_ALP_SO_ANA_SRV/SEPMRA_C_ALP_CountryVH('ZA')",
		"uri": "https://ldai3uia.wdf.sap.corp:44300/sap/opu/odata/sap/SEPMRA_ALP_SO_ANA_SRV/SEPMRA_C_ALP_CountryVH('ZA')",
		"type": "SEPMRA_ALP_SO_ANA_SRV.SEPMRA_C_ALP_CountryVHType"
	},
	"Country": "ZA",
	"CountryT": "South Africa"
}, {
	"__metadata": {
		"id": "https://ldai3uia.wdf.sap.corp:44300/sap/opu/odata/sap/SEPMRA_ALP_SO_ANA_SRV/SEPMRA_C_ALP_CountryVH('ZW')",
		"uri": "https://ldai3uia.wdf.sap.corp:44300/sap/opu/odata/sap/SEPMRA_ALP_SO_ANA_SRV/SEPMRA_C_ALP_CountryVH('ZW')",
		"type": "SEPMRA_ALP_SO_ANA_SRV.SEPMRA_C_ALP_CountryVHType"
	},
	"Country": "ZW",
	"CountryT": "Zimbabwe"
}, {
	"__metadata": {
		"id": "https://ldai3uia.wdf.sap.corp:44300/sap/opu/odata/sap/SEPMRA_ALP_SO_ANA_SRV/SEPMRA_C_ALP_CountryVH('ID')",
		"uri": "https://ldai3uia.wdf.sap.corp:44300/sap/opu/odata/sap/SEPMRA_ALP_SO_ANA_SRV/SEPMRA_C_ALP_CountryVH('ID')",
		"type": "SEPMRA_ALP_SO_ANA_SRV.SEPMRA_C_ALP_CountryVHType"
	},
	"Country": "ID",
	"CountryT": "Indonesia"
}, {
	"__metadata": {
		"id": "https://ldai3uia.wdf.sap.corp:44300/sap/opu/odata/sap/SEPMRA_ALP_SO_ANA_SRV/SEPMRA_C_ALP_CountryVH('AD')",
		"uri": "https://ldai3uia.wdf.sap.corp:44300/sap/opu/odata/sap/SEPMRA_ALP_SO_ANA_SRV/SEPMRA_C_ALP_CountryVH('AD')",
		"type": "SEPMRA_ALP_SO_ANA_SRV.SEPMRA_C_ALP_CountryVHType"
	},
	"Country": "AD",
	"CountryT": "Andorra"
}, {
	"__metadata": {
		"id": "https://ldai3uia.wdf.sap.corp:44300/sap/opu/odata/sap/SEPMRA_ALP_SO_ANA_SRV/SEPMRA_C_ALP_CountryVH('BM')",
		"uri": "https://ldai3uia.wdf.sap.corp:44300/sap/opu/odata/sap/SEPMRA_ALP_SO_ANA_SRV/SEPMRA_C_ALP_CountryVH('BM')",
		"type": "SEPMRA_ALP_SO_ANA_SRV.SEPMRA_C_ALP_CountryVHType"
	},
	"Country": "BM",
	"CountryT": "Bermuda"
}, {
	"__metadata": {
		"id": "https://ldai3uia.wdf.sap.corp:44300/sap/opu/odata/sap/SEPMRA_ALP_SO_ANA_SRV/SEPMRA_C_ALP_CountryVH('BN')",
		"uri": "https://ldai3uia.wdf.sap.corp:44300/sap/opu/odata/sap/SEPMRA_ALP_SO_ANA_SRV/SEPMRA_C_ALP_CountryVH('BN')",
		"type": "SEPMRA_ALP_SO_ANA_SRV.SEPMRA_C_ALP_CountryVHType"
	},
	"Country": "BN",
	"CountryT": "Brunei Darussalam"
}, {
	"__metadata": {
		"id": "https://ldai3uia.wdf.sap.corp:44300/sap/opu/odata/sap/SEPMRA_ALP_SO_ANA_SRV/SEPMRA_C_ALP_CountryVH('BW')",
		"uri": "https://ldai3uia.wdf.sap.corp:44300/sap/opu/odata/sap/SEPMRA_ALP_SO_ANA_SRV/SEPMRA_C_ALP_CountryVH('BW')",
		"type": "SEPMRA_ALP_SO_ANA_SRV.SEPMRA_C_ALP_CountryVHType"
	},
	"Country": "BW",
	"CountryT": "Botswana"
}, {
	"__metadata": {
		"id": "https://ldai3uia.wdf.sap.corp:44300/sap/opu/odata/sap/SEPMRA_ALP_SO_ANA_SRV/SEPMRA_C_ALP_CountryVH('CR')",
		"uri": "https://ldai3uia.wdf.sap.corp:44300/sap/opu/odata/sap/SEPMRA_ALP_SO_ANA_SRV/SEPMRA_C_ALP_CountryVH('CR')",
		"type": "SEPMRA_ALP_SO_ANA_SRV.SEPMRA_C_ALP_CountryVHType"
	},
	"Country": "CR",
	"CountryT": "Costa Rica"
}, {
	"__metadata": {
		"id": "https://ldai3uia.wdf.sap.corp:44300/sap/opu/odata/sap/SEPMRA_ALP_SO_ANA_SRV/SEPMRA_C_ALP_CountryVH('EE')",
		"uri": "https://ldai3uia.wdf.sap.corp:44300/sap/opu/odata/sap/SEPMRA_ALP_SO_ANA_SRV/SEPMRA_C_ALP_CountryVH('EE')",
		"type": "SEPMRA_ALP_SO_ANA_SRV.SEPMRA_C_ALP_CountryVHType"
	},
	"Country": "EE",
	"CountryT": "Estonia"
}, {
	"__metadata": {
		"id": "https://ldai3uia.wdf.sap.corp:44300/sap/opu/odata/sap/SEPMRA_ALP_SO_ANA_SRV/SEPMRA_C_ALP_CountryVH('GG')",
		"uri": "https://ldai3uia.wdf.sap.corp:44300/sap/opu/odata/sap/SEPMRA_ALP_SO_ANA_SRV/SEPMRA_C_ALP_CountryVH('GG')",
		"type": "SEPMRA_ALP_SO_ANA_SRV.SEPMRA_C_ALP_CountryVHType"
	},
	"Country": "GG",
	"CountryT": "Guernsey (Channel Islands)"
}, {
	"__metadata": {
		"id": "https://ldai3uia.wdf.sap.corp:44300/sap/opu/odata/sap/SEPMRA_ALP_SO_ANA_SRV/SEPMRA_C_ALP_CountryVH('HN')",
		"uri": "https://ldai3uia.wdf.sap.corp:44300/sap/opu/odata/sap/SEPMRA_ALP_SO_ANA_SRV/SEPMRA_C_ALP_CountryVH('HN')",
		"type": "SEPMRA_ALP_SO_ANA_SRV.SEPMRA_C_ALP_CountryVHType"
	},
	"Country": "HN",
	"CountryT": "Honduras"
}, {
	"__metadata": {
		"id": "https://ldai3uia.wdf.sap.corp:44300/sap/opu/odata/sap/SEPMRA_ALP_SO_ANA_SRV/SEPMRA_C_ALP_CountryVH('HR')",
		"uri": "https://ldai3uia.wdf.sap.corp:44300/sap/opu/odata/sap/SEPMRA_ALP_SO_ANA_SRV/SEPMRA_C_ALP_CountryVH('HR')",
		"type": "SEPMRA_ALP_SO_ANA_SRV.SEPMRA_C_ALP_CountryVHType"
	},
	"Country": "HR",
	"CountryT": "Croatia"
}, {
	"__metadata": {
		"id": "https://ldai3uia.wdf.sap.corp:44300/sap/opu/odata/sap/SEPMRA_ALP_SO_ANA_SRV/SEPMRA_C_ALP_CountryVH('IL')",
		"uri": "https://ldai3uia.wdf.sap.corp:44300/sap/opu/odata/sap/SEPMRA_ALP_SO_ANA_SRV/SEPMRA_C_ALP_CountryVH('IL')",
		"type": "SEPMRA_ALP_SO_ANA_SRV.SEPMRA_C_ALP_CountryVHType"
	},
	"Country": "IL",
	"CountryT": "Israel"
}, {
	"__metadata": {
		"id": "https://ldai3uia.wdf.sap.corp:44300/sap/opu/odata/sap/SEPMRA_ALP_SO_ANA_SRV/SEPMRA_C_ALP_CountryVH('JP')",
		"uri": "https://ldai3uia.wdf.sap.corp:44300/sap/opu/odata/sap/SEPMRA_ALP_SO_ANA_SRV/SEPMRA_C_ALP_CountryVH('JP')",
		"type": "SEPMRA_ALP_SO_ANA_SRV.SEPMRA_C_ALP_CountryVHType"
	},
	"Country": "JP",
	"CountryT": "Japan"
}, {
	"__metadata": {
		"id": "https://ldai3uia.wdf.sap.corp:44300/sap/opu/odata/sap/SEPMRA_ALP_SO_ANA_SRV/SEPMRA_C_ALP_CountryVH('KP')",
		"uri": "https://ldai3uia.wdf.sap.corp:44300/sap/opu/odata/sap/SEPMRA_ALP_SO_ANA_SRV/SEPMRA_C_ALP_CountryVH('KP')",
		"type": "SEPMRA_ALP_SO_ANA_SRV.SEPMRA_C_ALP_CountryVHType"
	},
	"Country": "KP",
	"CountryT": "North Korea"
}, {
	"__metadata": {
		"id": "https://ldai3uia.wdf.sap.corp:44300/sap/opu/odata/sap/SEPMRA_ALP_SO_ANA_SRV/SEPMRA_C_ALP_CountryVH('LB')",
		"uri": "https://ldai3uia.wdf.sap.corp:44300/sap/opu/odata/sap/SEPMRA_ALP_SO_ANA_SRV/SEPMRA_C_ALP_CountryVH('LB')",
		"type": "SEPMRA_ALP_SO_ANA_SRV.SEPMRA_C_ALP_CountryVHType"
	},
	"Country": "LB",
	"CountryT": "Lebanon"
}, {
	"__metadata": {
		"id": "https://ldai3uia.wdf.sap.corp:44300/sap/opu/odata/sap/SEPMRA_ALP_SO_ANA_SRV/SEPMRA_C_ALP_CountryVH('MT')",
		"uri": "https://ldai3uia.wdf.sap.corp:44300/sap/opu/odata/sap/SEPMRA_ALP_SO_ANA_SRV/SEPMRA_C_ALP_CountryVH('MT')",
		"type": "SEPMRA_ALP_SO_ANA_SRV.SEPMRA_C_ALP_CountryVHType"
	},
	"Country": "MT",
	"CountryT": "Malta"
}, {
	"__metadata": {
		"id": "https://ldai3uia.wdf.sap.corp:44300/sap/opu/odata/sap/SEPMRA_ALP_SO_ANA_SRV/SEPMRA_C_ALP_CountryVH('CZ')",
		"uri": "https://ldai3uia.wdf.sap.corp:44300/sap/opu/odata/sap/SEPMRA_ALP_SO_ANA_SRV/SEPMRA_C_ALP_CountryVH('CZ')",
		"type": "SEPMRA_ALP_SO_ANA_SRV.SEPMRA_C_ALP_CountryVHType"
	},
	"Country": "CZ",
	"CountryT": "Czech Republic"
}, {
	"__metadata": {
		"id": "https://ldai3uia.wdf.sap.corp:44300/sap/opu/odata/sap/SEPMRA_ALP_SO_ANA_SRV/SEPMRA_C_ALP_CountryVH('PA')",
		"uri": "https://ldai3uia.wdf.sap.corp:44300/sap/opu/odata/sap/SEPMRA_ALP_SO_ANA_SRV/SEPMRA_C_ALP_CountryVH('PA')",
		"type": "SEPMRA_ALP_SO_ANA_SRV.SEPMRA_C_ALP_CountryVHType"
	},
	"Country": "PA",
	"CountryT": "Panama"
}, {
	"__metadata": {
		"id": "https://ldai3uia.wdf.sap.corp:44300/sap/opu/odata/sap/SEPMRA_ALP_SO_ANA_SRV/SEPMRA_C_ALP_CountryVH('SZ')",
		"uri": "https://ldai3uia.wdf.sap.corp:44300/sap/opu/odata/sap/SEPMRA_ALP_SO_ANA_SRV/SEPMRA_C_ALP_CountryVH('SZ')",
		"type": "SEPMRA_ALP_SO_ANA_SRV.SEPMRA_C_ALP_CountryVHType"
	},
	"Country": "SZ",
	"CountryT": "Swaziland"
}, {
	"__metadata": {
		"id": "https://ldai3uia.wdf.sap.corp:44300/sap/opu/odata/sap/SEPMRA_ALP_SO_ANA_SRV/SEPMRA_C_ALP_CountryVH('BL')",
		"uri": "https://ldai3uia.wdf.sap.corp:44300/sap/opu/odata/sap/SEPMRA_ALP_SO_ANA_SRV/SEPMRA_C_ALP_CountryVH('BL')",
		"type": "SEPMRA_ALP_SO_ANA_SRV.SEPMRA_C_ALP_CountryVHType"
	},
	"Country": "BL",
	"CountryT": ""
}, {
	"__metadata": {
		"id": "https://ldai3uia.wdf.sap.corp:44300/sap/opu/odata/sap/SEPMRA_ALP_SO_ANA_SRV/SEPMRA_C_ALP_CountryVH('BR')",
		"uri": "https://ldai3uia.wdf.sap.corp:44300/sap/opu/odata/sap/SEPMRA_ALP_SO_ANA_SRV/SEPMRA_C_ALP_CountryVH('BR')",
		"type": "SEPMRA_ALP_SO_ANA_SRV.SEPMRA_C_ALP_CountryVHType"
	},
	"Country": "BR",
	"CountryT": "Brazil"
}, {
	"__metadata": {
		"id": "https://ldai3uia.wdf.sap.corp:44300/sap/opu/odata/sap/SEPMRA_ALP_SO_ANA_SRV/SEPMRA_C_ALP_CountryVH('FO')",
		"uri": "https://ldai3uia.wdf.sap.corp:44300/sap/opu/odata/sap/SEPMRA_ALP_SO_ANA_SRV/SEPMRA_C_ALP_CountryVH('FO')",
		"type": "SEPMRA_ALP_SO_ANA_SRV.SEPMRA_C_ALP_CountryVHType"
	},
	"Country": "FO",
	"CountryT": "Faroe Islands"
}, {
	"__metadata": {
		"id": "https://ldai3uia.wdf.sap.corp:44300/sap/opu/odata/sap/SEPMRA_ALP_SO_ANA_SRV/SEPMRA_C_ALP_CountryVH('GB')",
		"uri": "https://ldai3uia.wdf.sap.corp:44300/sap/opu/odata/sap/SEPMRA_ALP_SO_ANA_SRV/SEPMRA_C_ALP_CountryVH('GB')",
		"type": "SEPMRA_ALP_SO_ANA_SRV.SEPMRA_C_ALP_CountryVHType"
	},
	"Country": "GB",
	"CountryT": "United Kingdom"
}, {
	"__metadata": {
		"id": "https://ldai3uia.wdf.sap.corp:44300/sap/opu/odata/sap/SEPMRA_ALP_SO_ANA_SRV/SEPMRA_C_ALP_CountryVH('IE')",
		"uri": "https://ldai3uia.wdf.sap.corp:44300/sap/opu/odata/sap/SEPMRA_ALP_SO_ANA_SRV/SEPMRA_C_ALP_CountryVH('IE')",
		"type": "SEPMRA_ALP_SO_ANA_SRV.SEPMRA_C_ALP_CountryVHType"
	},
	"Country": "IE",
	"CountryT": "Ireland"
}, {
	"__metadata": {
		"id": "https://ldai3uia.wdf.sap.corp:44300/sap/opu/odata/sap/SEPMRA_ALP_SO_ANA_SRV/SEPMRA_C_ALP_CountryVH('KZ')",
		"uri": "https://ldai3uia.wdf.sap.corp:44300/sap/opu/odata/sap/SEPMRA_ALP_SO_ANA_SRV/SEPMRA_C_ALP_CountryVH('KZ')",
		"type": "SEPMRA_ALP_SO_ANA_SRV.SEPMRA_C_ALP_CountryVHType"
	},
	"Country": "KZ",
	"CountryT": "Kazakhstan"
}, {
	"__metadata": {
		"id": "https://ldai3uia.wdf.sap.corp:44300/sap/opu/odata/sap/SEPMRA_ALP_SO_ANA_SRV/SEPMRA_C_ALP_CountryVH('MF')",
		"uri": "https://ldai3uia.wdf.sap.corp:44300/sap/opu/odata/sap/SEPMRA_ALP_SO_ANA_SRV/SEPMRA_C_ALP_CountryVH('MF')",
		"type": "SEPMRA_ALP_SO_ANA_SRV.SEPMRA_C_ALP_CountryVHType"
	},
	"Country": "MF",
	"CountryT": ""
}, {
	"__metadata": {
		"id": "https://ldai3uia.wdf.sap.corp:44300/sap/opu/odata/sap/SEPMRA_ALP_SO_ANA_SRV/SEPMRA_C_ALP_CountryVH('MZ')",
		"uri": "https://ldai3uia.wdf.sap.corp:44300/sap/opu/odata/sap/SEPMRA_ALP_SO_ANA_SRV/SEPMRA_C_ALP_CountryVH('MZ')",
		"type": "SEPMRA_ALP_SO_ANA_SRV.SEPMRA_C_ALP_CountryVHType"
	},
	"Country": "MZ",
	"CountryT": "Mozambique"
}, {
	"__metadata": {
		"id": "https://ldai3uia.wdf.sap.corp:44300/sap/opu/odata/sap/SEPMRA_ALP_SO_ANA_SRV/SEPMRA_C_ALP_CountryVH('DK')",
		"uri": "https://ldai3uia.wdf.sap.corp:44300/sap/opu/odata/sap/SEPMRA_ALP_SO_ANA_SRV/SEPMRA_C_ALP_CountryVH('DK')",
		"type": "SEPMRA_ALP_SO_ANA_SRV.SEPMRA_C_ALP_CountryVHType"
	},
	"Country": "DK",
	"CountryT": "Denmark"
}, {
	"__metadata": {
		"id": "https://ldai3uia.wdf.sap.corp:44300/sap/opu/odata/sap/SEPMRA_ALP_SO_ANA_SRV/SEPMRA_C_ALP_CountryVH('ES')",
		"uri": "https://ldai3uia.wdf.sap.corp:44300/sap/opu/odata/sap/SEPMRA_ALP_SO_ANA_SRV/SEPMRA_C_ALP_CountryVH('ES')",
		"type": "SEPMRA_ALP_SO_ANA_SRV.SEPMRA_C_ALP_CountryVHType"
	},
	"Country": "ES",
	"CountryT": "Spain"
}, {
	"__metadata": {
		"id": "https://ldai3uia.wdf.sap.corp:44300/sap/opu/odata/sap/SEPMRA_ALP_SO_ANA_SRV/SEPMRA_C_ALP_CountryVH('FI')",
		"uri": "https://ldai3uia.wdf.sap.corp:44300/sap/opu/odata/sap/SEPMRA_ALP_SO_ANA_SRV/SEPMRA_C_ALP_CountryVH('FI')",
		"type": "SEPMRA_ALP_SO_ANA_SRV.SEPMRA_C_ALP_CountryVHType"
	},
	"Country": "FI",
	"CountryT": "Finland"
}, {
	"__metadata": {
		"id": "https://ldai3uia.wdf.sap.corp:44300/sap/opu/odata/sap/SEPMRA_ALP_SO_ANA_SRV/SEPMRA_C_ALP_CountryVH('FR')",
		"uri": "https://ldai3uia.wdf.sap.corp:44300/sap/opu/odata/sap/SEPMRA_ALP_SO_ANA_SRV/SEPMRA_C_ALP_CountryVH('FR')",
		"type": "SEPMRA_ALP_SO_ANA_SRV.SEPMRA_C_ALP_CountryVHType"
	},
	"Country": "FR",
	"CountryT": "France"
}, {
	"__metadata": {
		"id": "https://ldai3uia.wdf.sap.corp:44300/sap/opu/odata/sap/SEPMRA_ALP_SO_ANA_SRV/SEPMRA_C_ALP_CountryVH('GR')",
		"uri": "https://ldai3uia.wdf.sap.corp:44300/sap/opu/odata/sap/SEPMRA_ALP_SO_ANA_SRV/SEPMRA_C_ALP_CountryVH('GR')",
		"type": "SEPMRA_ALP_SO_ANA_SRV.SEPMRA_C_ALP_CountryVHType"
	},
	"Country": "GR",
	"CountryT": "Greece"
}, {
	"__metadata": {
		"id": "https://ldai3uia.wdf.sap.corp:44300/sap/opu/odata/sap/SEPMRA_ALP_SO_ANA_SRV/SEPMRA_C_ALP_CountryVH('HU')",
		"uri": "https://ldai3uia.wdf.sap.corp:44300/sap/opu/odata/sap/SEPMRA_ALP_SO_ANA_SRV/SEPMRA_C_ALP_CountryVH('HU')",
		"type": "SEPMRA_ALP_SO_ANA_SRV.SEPMRA_C_ALP_CountryVHType"
	},
	"Country": "HU",
	"CountryT": "Hungary"
}, {
	"__metadata": {
		"id": "https://ldai3uia.wdf.sap.corp:44300/sap/opu/odata/sap/SEPMRA_ALP_SO_ANA_SRV/SEPMRA_C_ALP_CountryVH('IS')",
		"uri": "https://ldai3uia.wdf.sap.corp:44300/sap/opu/odata/sap/SEPMRA_ALP_SO_ANA_SRV/SEPMRA_C_ALP_CountryVH('IS')",
		"type": "SEPMRA_ALP_SO_ANA_SRV.SEPMRA_C_ALP_CountryVHType"
	},
	"Country": "IS",
	"CountryT": "Iceland"
}, {
	"__metadata": {
		"id": "https://ldai3uia.wdf.sap.corp:44300/sap/opu/odata/sap/SEPMRA_ALP_SO_ANA_SRV/SEPMRA_C_ALP_CountryVH('IT')",
		"uri": "https://ldai3uia.wdf.sap.corp:44300/sap/opu/odata/sap/SEPMRA_ALP_SO_ANA_SRV/SEPMRA_C_ALP_CountryVH('IT')",
		"type": "SEPMRA_ALP_SO_ANA_SRV.SEPMRA_C_ALP_CountryVHType"
	},
	"Country": "IT",
	"CountryT": "Italy"
}, {
	"__metadata": {
		"id": "https://ldai3uia.wdf.sap.corp:44300/sap/opu/odata/sap/SEPMRA_ALP_SO_ANA_SRV/SEPMRA_C_ALP_CountryVH('LI')",
		"uri": "https://ldai3uia.wdf.sap.corp:44300/sap/opu/odata/sap/SEPMRA_ALP_SO_ANA_SRV/SEPMRA_C_ALP_CountryVH('LI')",
		"type": "SEPMRA_ALP_SO_ANA_SRV.SEPMRA_C_ALP_CountryVHType"
	},
	"Country": "LI",
	"CountryT": "Liechtenstein"
}, {
	"__metadata": {
		"id": "https://ldai3uia.wdf.sap.corp:44300/sap/opu/odata/sap/SEPMRA_ALP_SO_ANA_SRV/SEPMRA_C_ALP_CountryVH('MC')",
		"uri": "https://ldai3uia.wdf.sap.corp:44300/sap/opu/odata/sap/SEPMRA_ALP_SO_ANA_SRV/SEPMRA_C_ALP_CountryVH('MC')",
		"type": "SEPMRA_ALP_SO_ANA_SRV.SEPMRA_C_ALP_CountryVHType"
	},
	"Country": "MC",
	"CountryT": "Monaco"
}, {
	"__metadata": {
		"id": "https://ldai3uia.wdf.sap.corp:44300/sap/opu/odata/sap/SEPMRA_ALP_SO_ANA_SRV/SEPMRA_C_ALP_CountryVH('MK')",
		"uri": "https://ldai3uia.wdf.sap.corp:44300/sap/opu/odata/sap/SEPMRA_ALP_SO_ANA_SRV/SEPMRA_C_ALP_CountryVH('MK')",
		"type": "SEPMRA_ALP_SO_ANA_SRV.SEPMRA_C_ALP_CountryVHType"
	},
	"Country": "MK",
	"CountryT": "Macedonia"
}, {
	"__metadata": {
		"id": "https://ldai3uia.wdf.sap.corp:44300/sap/opu/odata/sap/SEPMRA_ALP_SO_ANA_SRV/SEPMRA_C_ALP_CountryVH('NO')",
		"uri": "https://ldai3uia.wdf.sap.corp:44300/sap/opu/odata/sap/SEPMRA_ALP_SO_ANA_SRV/SEPMRA_C_ALP_CountryVH('NO')",
		"type": "SEPMRA_ALP_SO_ANA_SRV.SEPMRA_C_ALP_CountryVHType"
	},
	"Country": "NO",
	"CountryT": "Norway"
}, {
	"__metadata": {
		"id": "https://ldai3uia.wdf.sap.corp:44300/sap/opu/odata/sap/SEPMRA_ALP_SO_ANA_SRV/SEPMRA_C_ALP_CountryVH('PT')",
		"uri": "https://ldai3uia.wdf.sap.corp:44300/sap/opu/odata/sap/SEPMRA_ALP_SO_ANA_SRV/SEPMRA_C_ALP_CountryVH('PT')",
		"type": "SEPMRA_ALP_SO_ANA_SRV.SEPMRA_C_ALP_CountryVHType"
	},
	"Country": "PT",
	"CountryT": "Portugal"
}, {
	"__metadata": {
		"id": "https://ldai3uia.wdf.sap.corp:44300/sap/opu/odata/sap/SEPMRA_ALP_SO_ANA_SRV/SEPMRA_C_ALP_CountryVH('RO')",
		"uri": "https://ldai3uia.wdf.sap.corp:44300/sap/opu/odata/sap/SEPMRA_ALP_SO_ANA_SRV/SEPMRA_C_ALP_CountryVH('RO')",
		"type": "SEPMRA_ALP_SO_ANA_SRV.SEPMRA_C_ALP_CountryVHType"
	},
	"Country": "RO",
	"CountryT": "Romania"
}, {
	"__metadata": {
		"id": "https://ldai3uia.wdf.sap.corp:44300/sap/opu/odata/sap/SEPMRA_ALP_SO_ANA_SRV/SEPMRA_C_ALP_CountryVH('SK')",
		"uri": "https://ldai3uia.wdf.sap.corp:44300/sap/opu/odata/sap/SEPMRA_ALP_SO_ANA_SRV/SEPMRA_C_ALP_CountryVH('SK')",
		"type": "SEPMRA_ALP_SO_ANA_SRV.SEPMRA_C_ALP_CountryVHType"
	},
	"Country": "SK",
	"CountryT": "Slovakia"
}, {
	"__metadata": {
		"id": "https://ldai3uia.wdf.sap.corp:44300/sap/opu/odata/sap/SEPMRA_ALP_SO_ANA_SRV/SEPMRA_C_ALP_CountryVH('SM')",
		"uri": "https://ldai3uia.wdf.sap.corp:44300/sap/opu/odata/sap/SEPMRA_ALP_SO_ANA_SRV/SEPMRA_C_ALP_CountryVH('SM')",
		"type": "SEPMRA_ALP_SO_ANA_SRV.SEPMRA_C_ALP_CountryVHType"
	},
	"Country": "SM",
	"CountryT": "San Marino"
}, {
	"__metadata": {
		"id": "https://ldai3uia.wdf.sap.corp:44300/sap/opu/odata/sap/SEPMRA_ALP_SO_ANA_SRV/SEPMRA_C_ALP_CountryVH('SS')",
		"uri": "https://ldai3uia.wdf.sap.corp:44300/sap/opu/odata/sap/SEPMRA_ALP_SO_ANA_SRV/SEPMRA_C_ALP_CountryVH('SS')",
		"type": "SEPMRA_ALP_SO_ANA_SRV.SEPMRA_C_ALP_CountryVHType"
	},
	"Country": "SS",
	"CountryT": "South Sudan"
}, {
	"__metadata": {
		"id": "https://ldai3uia.wdf.sap.corp:44300/sap/opu/odata/sap/SEPMRA_ALP_SO_ANA_SRV/SEPMRA_C_ALP_CountryVH('TR')",
		"uri": "https://ldai3uia.wdf.sap.corp:44300/sap/opu/odata/sap/SEPMRA_ALP_SO_ANA_SRV/SEPMRA_C_ALP_CountryVH('TR')",
		"type": "SEPMRA_ALP_SO_ANA_SRV.SEPMRA_C_ALP_CountryVHType"
	},
	"Country": "TR",
	"CountryT": "Turkey"
}, {
	"__metadata": {
		"id": "https://ldai3uia.wdf.sap.corp:44300/sap/opu/odata/sap/SEPMRA_ALP_SO_ANA_SRV/SEPMRA_C_ALP_CountryVH('VA')",
		"uri": "https://ldai3uia.wdf.sap.corp:44300/sap/opu/odata/sap/SEPMRA_ALP_SO_ANA_SRV/SEPMRA_C_ALP_CountryVH('VA')",
		"type": "SEPMRA_ALP_SO_ANA_SRV.SEPMRA_C_ALP_CountryVHType"
	},
	"Country": "VA",
	"CountryT": "Vatican City"
}, {
	"__metadata": {
		"id": "https://ldai3uia.wdf.sap.corp:44300/sap/opu/odata/sap/SEPMRA_ALP_SO_ANA_SRV/SEPMRA_C_ALP_CountryVH('BQ')",
		"uri": "https://ldai3uia.wdf.sap.corp:44300/sap/opu/odata/sap/SEPMRA_ALP_SO_ANA_SRV/SEPMRA_C_ALP_CountryVH('BQ')",
		"type": "SEPMRA_ALP_SO_ANA_SRV.SEPMRA_C_ALP_CountryVHType"
	},
	"Country": "BQ",
	"CountryT": "Bonaire, Sint Eustatius and Saba"
}, {
	"__metadata": {
		"id": "https://ldai3uia.wdf.sap.corp:44300/sap/opu/odata/sap/SEPMRA_ALP_SO_ANA_SRV/SEPMRA_C_ALP_CountryVH('CF')",
		"uri": "https://ldai3uia.wdf.sap.corp:44300/sap/opu/odata/sap/SEPMRA_ALP_SO_ANA_SRV/SEPMRA_C_ALP_CountryVH('CF')",
		"type": "SEPMRA_ALP_SO_ANA_SRV.SEPMRA_C_ALP_CountryVHType"
	},
	"Country": "CF",
	"CountryT": "Central African Republic"
}, {
	"__metadata": {
		"id": "https://ldai3uia.wdf.sap.corp:44300/sap/opu/odata/sap/SEPMRA_ALP_SO_ANA_SRV/SEPMRA_C_ALP_CountryVH('CI')",
		"uri": "https://ldai3uia.wdf.sap.corp:44300/sap/opu/odata/sap/SEPMRA_ALP_SO_ANA_SRV/SEPMRA_C_ALP_CountryVH('CI')",
		"type": "SEPMRA_ALP_SO_ANA_SRV.SEPMRA_C_ALP_CountryVHType"
	},
	"Country": "CI",
	"CountryT": "Cote d'Ivoire"
}, {
	"__metadata": {
		"id": "https://ldai3uia.wdf.sap.corp:44300/sap/opu/odata/sap/SEPMRA_ALP_SO_ANA_SRV/SEPMRA_C_ALP_CountryVH('CK')",
		"uri": "https://ldai3uia.wdf.sap.corp:44300/sap/opu/odata/sap/SEPMRA_ALP_SO_ANA_SRV/SEPMRA_C_ALP_CountryVH('CK')",
		"type": "SEPMRA_ALP_SO_ANA_SRV.SEPMRA_C_ALP_CountryVHType"
	},
	"Country": "CK",
	"CountryT": "Cook Islands"
}, {
	"__metadata": {
		"id": "https://ldai3uia.wdf.sap.corp:44300/sap/opu/odata/sap/SEPMRA_ALP_SO_ANA_SRV/SEPMRA_C_ALP_CountryVH('CU')",
		"uri": "https://ldai3uia.wdf.sap.corp:44300/sap/opu/odata/sap/SEPMRA_ALP_SO_ANA_SRV/SEPMRA_C_ALP_CountryVH('CU')",
		"type": "SEPMRA_ALP_SO_ANA_SRV.SEPMRA_C_ALP_CountryVHType"
	},
	"Country": "CU",
	"CountryT": "Cuba"
}, {
	"__metadata": {
		"id": "https://ldai3uia.wdf.sap.corp:44300/sap/opu/odata/sap/SEPMRA_ALP_SO_ANA_SRV/SEPMRA_C_ALP_CountryVH('ET')",
		"uri": "https://ldai3uia.wdf.sap.corp:44300/sap/opu/odata/sap/SEPMRA_ALP_SO_ANA_SRV/SEPMRA_C_ALP_CountryVH('ET')",
		"type": "SEPMRA_ALP_SO_ANA_SRV.SEPMRA_C_ALP_CountryVHType"
	},
	"Country": "ET",
	"CountryT": "Ethiopia"
}, {
	"__metadata": {
		"id": "https://ldai3uia.wdf.sap.corp:44300/sap/opu/odata/sap/SEPMRA_ALP_SO_ANA_SRV/SEPMRA_C_ALP_CountryVH('NU')",
		"uri": "https://ldai3uia.wdf.sap.corp:44300/sap/opu/odata/sap/SEPMRA_ALP_SO_ANA_SRV/SEPMRA_C_ALP_CountryVH('NU')",
		"type": "SEPMRA_ALP_SO_ANA_SRV.SEPMRA_C_ALP_CountryVHType"
	},
	"Country": "NU",
	"CountryT": "Niue"
}, {
	"__metadata": {
		"id": "https://ldai3uia.wdf.sap.corp:44300/sap/opu/odata/sap/SEPMRA_ALP_SO_ANA_SRV/SEPMRA_C_ALP_CountryVH('ZM')",
		"uri": "https://ldai3uia.wdf.sap.corp:44300/sap/opu/odata/sap/SEPMRA_ALP_SO_ANA_SRV/SEPMRA_C_ALP_CountryVH('ZM')",
		"type": "SEPMRA_ALP_SO_ANA_SRV.SEPMRA_C_ALP_CountryVHType"
	},
	"Country": "ZM",
	"CountryT": "Zambia"
}]