<edmx:Edmx xmlns:edmx="http://docs.oasis-open.org/odata/ns/edmx" Version="4.0">
	<edmx:Reference Uri="https://sap.github.io/odata-vocabularies/vocabularies/Common.xml">
		<edmx:Include Namespace="com.sap.vocabularies.Common.v1" Alias="Common"/>
	</edmx:Reference>
	<edmx:Reference
		Uri="/sap/opu/odata/IWFND/CATALOGSERVICE;v=2/Vocabularies(TechnicalName='%2FIWBEP%2FVOC_UI',Version='0001',SAP__Origin='LOCAL')/$value">
		<edmx:Include Namespace="com.sap.vocabularies.UI.v1" Alias="UI"/>
	</edmx:Reference>
	<edmx:Reference Uri="/here/goes/your/serviceurl/$metadata">
		<edmx:Include Namespace="TECHED_ALP_SOA_SRV"/>
	</edmx:Reference>
	<edmx:DataServices>
		<Schema xmlns="http://docs.oasis-open.org/odata/ns/edm" Namespace="soa">
			<Annotations Target="TECHED_ALP_SOA_SRV.Z_SEPMRA_SO_SALESORDERANALYSISType">
				<Annotation Term="UI.LineItem">
					<Collection>
						<Record Type="UI.DataField">
							<PropertyValue Property="Value" Path="DeliveryCalendarYear"/>
							<Annotation Term="UI.Importance" EnumMember="UI.ImportanceType/High"/>
						</Record>
						<Record Type="UI.DataField">
							<PropertyValue Property="Value" Path="DeliveryCalendarMonth"/>
							<Annotation Term="UI.Importance" EnumMember="UI.ImportanceType/High"/>
						</Record>
						<Record Type="UI.DataField">
							<PropertyValue Property="Value" Path="SalesOrder"/>
							<Annotation Term="UI.Importance" EnumMember="UI.ImportanceType/High"/>
						</Record>
						<Record Type="UI.DataField">
							<PropertyValue Property="Value" Path="SalesOrderItem"/>
							<Annotation Term="UI.Importance" EnumMember="UI.ImportanceType/High"/>
						</Record>
						<Record Type="UI.DataField">
							<PropertyValue Property="Value" Path="Product"/>
							<Annotation Term="UI.Importance" EnumMember="UI.ImportanceType/High"/>
						</Record>
						<Record Type="UI.DataField">
							<PropertyValue Property="Value" Path="ProductCategory"/>
							<Annotation Term="UI.Importance" EnumMember="UI.ImportanceType/High"/>
						</Record>
						<Record Type="UI.DataField">
							<PropertyValue Property="Value" Path="SoldToParty"/>
							<Annotation Term="UI.Importance" EnumMember="UI.ImportanceType/High"/>
						</Record>
						<Record Type="UI.DataField">
							<PropertyValue Property="Value" Path="Quantity"/>
							<Annotation Term="UI.Importance" EnumMember="UI.ImportanceType/High"/>
						</Record>
						<Record Type="UI.DataField">
							<PropertyValue Property="Value" Path="NetAmount"/>
							<Annotation Term="UI.Importance" EnumMember="UI.ImportanceType/High"/>
						</Record>
					</Collection>
				</Annotation>
				<Annotation Term="UI.Chart">
					<Record Type="UI.ChartDefinitionType">
						<PropertyValue Property="Title" String="{@i18n>revenueByCustomer}"/>
						<PropertyValue Property="Description" String="{@i18n>netRevenueByCustomer}"/>
						<PropertyValue Property="ChartType" EnumMember="UI.ChartType/Column"/>
						<PropertyValue Property="Dimensions">
							<Collection>
								<PropertyPath>SoldToParty</PropertyPath>
								<PropertyPath>DeliveryCalendarYear</PropertyPath>
							</Collection>
						</PropertyValue>
						<PropertyValue Property="Measures">
							<Collection>
								<PropertyPath>NetAmount</PropertyPath>
							</Collection>
						</PropertyValue>
					</Record>
				</Annotation>
				<Annotation Term="UI.PresentationVariant">
					<Record Type="UI.PresentationVariantType">
						<PropertyValue Property="Text" String="{@i18n>default}"/>
						<PropertyValue Property="SortOrder">
							<Collection>
								<Record Type="Common.SortOrderType">
									<PropertyValue Property="Property" PropertyPath="NetAmount"/>
									<PropertyValue Property="Descending" Bool="true"/>
								</Record>
							</Collection>
						</PropertyValue>
						<PropertyValue Property="IncludeGrandTotal" Bool="false"/>
						<PropertyValue Property="InitialExpansionLevel" Int="1"/>
						<PropertyValue Property="Visualizations">
							<Collection>
								<AnnotationPath>@UI.LineItem</AnnotationPath>
								<AnnotationPath>@UI.Chart</AnnotationPath>
							</Collection>
						</PropertyValue>
					</Record>
				</Annotation>
				<Annotation Term="UI.SelectionFields">
					<Collection>
						<PropertyPath>DeliveryCalendarDate</PropertyPath>
						<PropertyPath>SoldToParty</PropertyPath>
						<PropertyPath>Product</PropertyPath>
						<PropertyPath>MainProductCategory</PropertyPath>
						<PropertyPath>DeliveryCalendarQuarter</PropertyPath>
						<PropertyPath>OrderDate</PropertyPath>
					</Collection>
				</Annotation>
				<Annotation Term="UI.HeaderInfo">
					<Record Type="UI.HeaderInfoType">
						<PropertyValue Property="TypeName" String="Sales Order Item"/>
						<PropertyValue Property="TypeNamePlural" String="Sales Order Items"/>
						<PropertyValue Property="Title">
							<Record Type="UI.DataField">
								<PropertyValue Property="Value" Path="SalesOrderItem"/>
							</Record>
						</PropertyValue>
						<PropertyValue Property="TypeImageUrl" String="sap-icon://sales-order-item"/>
					</Record>
				</Annotation>
				<Annotation Term="UI.DataPoint" Qualifier="NetAmount">
					<Record Type="UI.DataPointType">
						<PropertyValue Property="Value" Path="NetAmount"/>
					</Record>
				</Annotation>
				<Annotation Term="UI.DataPoint" Qualifier="Status">
					<Record Type="UI.DataPointType">
						<PropertyValue Property="Value" Path="SalesOrderOverallStatus"/>
					</Record>
				</Annotation>
				<Annotation Term="UI.HeaderFacets">
					<Collection>
						<Record Type="UI.ReferenceFacet">
							<PropertyValue Property="Target" AnnotationPath="@UI.DataPoint#NetAmount"/>
						</Record>
						<Record Type="UI.ReferenceFacet">
							<PropertyValue Property="Target" AnnotationPath="@UI.DataPoint#Status"/>
						</Record>
					</Collection>
				</Annotation>
				<Annotation Term="UI.FieldGroup" Qualifier="General">
					<Record Type="UI.FieldGroupType">
						<PropertyValue Property="Data">
							<Collection>
								<Record Type="UI.DataField">
									<PropertyValue Property="Value" Path="SalesOrder"/>
								</Record>
								<Record Type="UI.DataField">
									<PropertyValue Property="Value" Path="DeliveryCalendarDate"/>
								</Record>
								<Record Type="UI.DataField">
									<PropertyValue Property="Value" Path="GrossAmount"/>
								</Record>
								<Record Type="UI.DataField">
									<PropertyValue Property="Value" Path="NetAmount"/>
								</Record>
							</Collection>
						</PropertyValue>
					</Record>
				</Annotation>
				<Annotation Term="UI.Facets">
					<Collection>
						<Record Type="UI.ReferenceFacet">
							<PropertyValue Property="Label" String="General Information"/>
							<PropertyValue Property="ID" String="GI"/>
							<PropertyValue Property="Target" AnnotationPath="@UI.FieldGroup#General"/>
						</Record>
						<Record Type="UI.ReferenceFacet">
							<PropertyValue Property="Label" String="Product Information"/>
							<PropertyValue Property="ID" String="PI"/>
							<PropertyValue Property="Target" AnnotationPath="@UI.FieldGroup#Product"/>
						</Record>
					</Collection>
				</Annotation>
				<Annotation Term="UI.FieldGroup" Qualifier="Product">
					<Record Type="UI.FieldGroupType">
						<PropertyValue Property="Data">
							<Collection>
								<Record Type="UI.DataField">
									<PropertyValue Property="Value" Path="ProductName"/>
								</Record>
								<Record Type="UI.DataField">
									<PropertyValue Property="Value" Path="MainProductCategory"/>
								</Record>
								<Record Type="UI.DataField">
									<PropertyValue Property="Value" Path="SupplierCompanyName"/>
								</Record>
								<Record Type="UI.DataField">
									<PropertyValue Property="Value" Path="NetProductPrice"/>
								</Record>
								<Record Type="UI.DataField">
									<PropertyValue Property="Value" Path="Quantity"/>
								</Record>
							</Collection>
						</PropertyValue>
					</Record>
				</Annotation>
			</Annotations>
			<Annotations Target="TECHED_ALP_SOA_SRV.SEPMRA_SO_ALP_SLDORDERITEMType">
				<Annotation Term="UI.Chart" Qualifier="FilterQuantityByDate">
					<Record Type="UI.ChartDefinitionType">
						<PropertyValue Property="Title" String="{@i18n>quantityByDeliveryDate}"/>
						<PropertyValue Property="Description" String="{@i18n>itemQuantityByDelivery}"/>
						<PropertyValue Property="ChartType" EnumMember="UI.ChartType/Line"/>
						<PropertyValue Property="Dimensions">
							<Collection>
								<PropertyPath>DeliveryDate</PropertyPath>
							</Collection>
						</PropertyValue>
						<PropertyValue Property="Measures">
							<Collection>
								<PropertyPath>Quantity</PropertyPath>
							</Collection>
						</PropertyValue>
						<PropertyValue Property="MeasureAttributes">
							<Collection>
								<Record Type="UI.ChartMeasureAttributeType">
									<PropertyValue Property="DataPoint" AnnotationPath="@UI.DataPoint#Quantity"/>
									<PropertyValue Property="Measure" PropertyPath="Quantity"/>
								</Record>
							</Collection>
						</PropertyValue>
					</Record>
				</Annotation>
				<Annotation Term="UI.PresentationVariant" Qualifier="FilterQuantityByDate">
					<Record Type="UI.PresentationVariantType">
						<PropertyValue Property="Visualizations">
							<Collection>
								<AnnotationPath>@UI.Chart#FilterQuantityByDate</AnnotationPath>
							</Collection>
						</PropertyValue>
					</Record>
				</Annotation>
				<Annotation Term="UI.Chart" Qualifier="FilterQuantityByProduct">
					<Record Type="UI.ChartDefinitionType">
						<PropertyValue Property="Title" String="{@i18n>quantityByProduct}"/>
						<PropertyValue Property="Description" String="{@i18n>itemQuantityByProduct}"/>
						<PropertyValue Property="ChartType" EnumMember="UI.ChartType/Bar"/>
						<PropertyValue Property="Dimensions">
							<Collection>
								<PropertyPath>Product</PropertyPath>
							</Collection>
						</PropertyValue>
						<PropertyValue Property="Measures">
							<Collection>
								<PropertyPath>Quantity</PropertyPath>
							</Collection>
						</PropertyValue>
					</Record>
				</Annotation>
				<Annotation Term="UI.PresentationVariant" Qualifier="FilterQuantityByProduct">
					<Record Type="UI.PresentationVariantType">
						<PropertyValue Property="Visualizations">
							<Collection>
								<AnnotationPath>@UI.Chart#FilterQuantityByProduct</AnnotationPath>
							</Collection>
						</PropertyValue>
					</Record>
				</Annotation>
				<Annotation Term="UI.DataPoint" Qualifier="Quantity">
					<Record Type="UI.DataPointType">
						<PropertyValue Property="Value" String="Quantity"/>
						<PropertyValue Property="CriticalityCalculation">
							<Record Type="UI.CriticalityCalculationType">
								<PropertyValue Property="ImprovementDirection" EnumMember="UI.ImprovementDirectionType/Maximize"/>
								<PropertyValue Property="ToleranceRangeLowValue" Int="5"/>
								<PropertyValue Property="DeviationRangeLowValue" Int="4"/>
							</Record>
						</PropertyValue>
					</Record>
				</Annotation>
			</Annotations>
			<Annotations Target="TECHED_ALP_SOA_SRV.Z_SEPMRA_SO_SALESORDERANALYSISType/DeliveryCalendarDate">
				<Annotation Term="Common.ValueList">
					<Record Type="Common.ValueListType">
						<PropertyValue Property="CollectionPath" String="SEPMRA_SO_ALP_SLDORDERITEM"/>
						<PropertyValue Property="PresentationVariantQualifier" String="FilterQuantityByDate"/>
						<PropertyValue Property="Parameters">
							<Collection>
								<Record Type="Common.ValueListParameterInOut">
									<PropertyValue Property="LocalDataProperty" PropertyPath="DeliveryCalendarDate"/>
									<PropertyValue Property="ValueListProperty" String="DeliveryDate"/>
								</Record>
							</Collection>
						</PropertyValue>
					</Record>
				</Annotation>
			</Annotations>
			<Annotations Target="TECHED_ALP_SOA_SRV.Z_SEPMRA_SO_SALESORDERANALYSISType/Product">
				<Annotation Term="Common.ValueList">
					<Record Type="Common.ValueListType">
						<PropertyValue Property="CollectionPath" String="SEPMRA_SO_ALP_SLDORDERITEM"/>
						<PropertyValue Property="PresentationVariantQualifier" String="FilterQuantityByProduct"/>
						<PropertyValue Property="Parameters">
							<Collection>
								<Record Type="Common.ValueListParameterInOut">
									<PropertyValue Property="LocalDataProperty" PropertyPath="Product"/>
									<PropertyValue Property="ValueListProperty" String="Product"/>
								</Record>
							</Collection>
						</PropertyValue>
					</Record>
				</Annotation>
			</Annotations>
			<Annotations Target="TECHED_ALP_SOA_SRV.Z_SEPMRA_SO_ALP_TOTALSalesKPIType">
				<Annotation Term="UI.Chart" Qualifier="KPIRevenue">
					<Record Type="UI.ChartDefinitionType">
						<PropertyValue Property="ChartType" EnumMember="UI.ChartType/Line"/>
						<PropertyValue Property="Measures">
							<Collection>
								<PropertyPath>KPIValue</PropertyPath>
							</Collection>
						</PropertyValue>
						<PropertyValue Property="MeasureAttributes">
							<Collection>
								<Record Type="UI.ChartMeasureAttributeType">
									<PropertyValue Property="Measure" PropertyPath="KPIValue"/>
									<PropertyValue Property="Role" EnumMember="UI.ChartMeasureRoleType/Axis1"/>
								</Record>
							</Collection>
						</PropertyValue>
						<PropertyValue Property="Dimensions">
							<Collection>
								<PropertyPath>CalendarMonthT</PropertyPath>
							</Collection>
						</PropertyValue>
						<PropertyValue Property="DimensionAttributes">
							<Collection>
								<Record Type="UI.ChartDimensionAttributeType">
									<PropertyValue Property="Dimension" PropertyPath="CalendarMonthT"/>
									<PropertyValue Property="Role" EnumMember="UI.ChartDimensionRoleType/Category"/>
								</Record>
							</Collection>
						</PropertyValue>
					</Record>
				</Annotation>
				<Annotation Term="UI.SelectionVariant" Qualifier="KPIRevenue">
					<Record Type="UI.SelectionVariantType">
						<PropertyValue Property="SelectOptions">
							<Collection>
								<Record Type="UI.SelectOptionType">
									<PropertyValue Property="PropertyName" PropertyPath="KPIValue"/>
									<PropertyValue Property="Ranges">
										<Collection>
											<Record Type="UI.SelectionRangeType">
												<PropertyValue Property="Sign" EnumMember="UI.SelectionRangeSignType/I"/>
												<PropertyValue Property="Option" EnumMember="UI.SelectionRangeOptionType/GE"/>
												<PropertyValue Property="Low" String="100"/>
											</Record>
										</Collection>
									</PropertyValue>
								</Record>
							</Collection>
						</PropertyValue>
					</Record>
				</Annotation>
				<Annotation Term="UI.PresentationVariant" Qualifier="KPIRevenue">
					<Record Type="UI.PresentationVariantType">
						<PropertyValue Property="Visualizations">
							<Collection>
								<AnnotationPath>@UI.Chart#KPIRevenue</AnnotationPath>
							</Collection>
						</PropertyValue>
					</Record>
				</Annotation>
				<Annotation Term="UI.DataPoint" Qualifier="KPIRevenue">
					<Record Type="UI.DataPointType">
						<PropertyValue Property="Title" String="Monthly Revenue KPI"/>
						<PropertyValue Property="Value" Path="KPIValue"/>
					</Record>
				</Annotation>
				<Annotation Term="UI.DataPoint" Qualifier="KPIQuantity">
					<Record Type="UI.DataPointType">
						<PropertyValue Property="Title" String="Monthly Revenue Target"/>
						<PropertyValue Property="Value" Path="KPITargetValue"/>
					</Record>
				</Annotation>
				<Annotation Term="UI.KPI" Qualifier="KPIRevenue">
					<Record Type="UI.KPIType">
						<PropertyValue Property="SelectionVariant" Path="@UI.SelectionVariant#KPIRevenue"/>
						<PropertyValue Property="DataPoint" Path="@UI.DataPoint#KPIRevenue"/>
						<PropertyValue Property="Detail">
							<Record Type="UI.KPIDetailType">
								<PropertyValue Property="DefaultPresentationVariant" Path="@UI.PresentationVariant#KPIRevenue"/>
							</Record>
						</PropertyValue>
					</Record>
				</Annotation>
				<Annotation Term="UI.KPI" Qualifier="KPIQuantity">
					<Record Type="UI.KPIType">
						<PropertyValue Property="SelectionVariant" Path="@UI.SelectionVariant#KPIQuantity"/>
						<PropertyValue Property="DataPoint" Path="@UI.DataPoint#KPIQuantity"/>
						<PropertyValue Property="Detail">
							<Record Type="UI.KPIDetailType">
								<PropertyValue Property="DefaultPresentationVariant" Path="@UI.PresentationVariant#KPIQuantity"/>
							</Record>
						</PropertyValue>
					</Record>
				</Annotation>
			</Annotations>
		</Schema>
	</edmx:DataServices>
</edmx:Edmx>